Material_ID,Working_Ion,Voltage_V,Frac_Charge,Frac_Discharge
,Al,3.792430756666666,0.0,0.1
,Al,3.0330921716666692,0.0,0.07692307692307601
,Al,1.845013733333334,0.0,0.07142857142857101
,Al,1.541180430000004,0.0,0.07692307692307601
,Al,1.147195680000003,0.0,0.07692307692307601
,Al,3.069979428333333,0.0,0.07692307692307601
,Al,2.221401293333331,0.0,0.07142857142857101
,Al,1.833335478333332,0.0,0.07692307692307601
,Al,1.559721876666664,0.0,0.07692307692307601
,Al,2.0741759299999982,0.0,0.07142857142857101
,Al,1.371681339999997,0.0,0.07692307692307601
,Al,2.53165508833333,0.0,0.07692307692307601
,Al,2.78664303,0.0,0.07142857142857101
,Al,3.128957396666666,0.0,0.07692307692307601
,Al,2.818501383333334,0.0,0.07692307692307601
,Al,2.413950023333335,0.0,0.07692307692307601
,Al,-0.38177403999999804,0.0,0.07142857142857101
,Al,-0.29964564333333205,0.0,0.07692307692307601
,Al,0.61894122333333,0.0,0.07692307692307601
,Al,-0.38972023666666405,0.0,0.07692307692307601
,Al,0.7397915566666661,0.0,0.07692307692307601
,Al,-0.24043416333333,0.0,0.07142857142857101
,Al,-0.406402676666665,0.0,0.07692307692307601
,Al,0.912303609999997,0.0,0.07142857142857101
,Al,0.7364236983333421,0.0,0.07692307692307601
,Al,0.5688897433333361,0.0,0.07692307692307601
,Al,-0.538125466666668,0.0,0.07142857142857101
,Al,-0.275523413333334,0.0,0.07692307692307601
,Al,2.671186971666662,0.07692307692307601,0.14285714285714202
,Al,3.459292766666666,0.07692307692307601,0.14285714285714202
,Al,2.042725291666668,0.0,0.08333333333333301
,Al,2.119838189166667,0.25,0.28571428571428503
,Al,1.212672184999998,0.16666666666666602,0.28571428571428503
,Al,3.374466933333335,0.0,0.2
,Al,2.727672965833333,0.0,0.2
,Al,1.049507863333334,0.0,0.2
,Al,2.133671953333333,0.0,0.14285714285714202
,Al,3.211509198888887,0.0,0.2
,Al,2.2345647274999982,0.0,0.08163265306122401
,Al,2.932545750416667,0.0,0.1
,Al,2.120486566666668,0.0,0.07692307692307601
,Al,2.417719426666671,0.0,0.08333333333333301
,Al,-0.021586344999999,0.5,0.75
,Al,0.08903311500000001,0.0,0.6666666666666661
,Al,3.149980659999999,0.0,0.1
,Al,1.55990213,0.0,0.05
,Al,1.2819072133333331,0.0,0.05
,Al,-0.067159586666669,0.0,0.05
,Al,2.089163773333337,0.0,0.05
,Al,3.050088840000004,0.25,0.28571428571428503
,Al,3.6268189666666633,0.1,0.18181818181818102
,Al,2.852080401666665,0.0,0.14285714285714202
,Al,3.606958900000004,0.1,0.18181818181818102
,Al,-0.49258618333333204,0.0,0.05
,Al,0.33818685999999504,0.0,0.05
,Al,0.7951507666666681,0.0,0.05
,Al,1.427347986666663,0.0,0.05
,Al,-0.289463153333332,0.0,0.05
,Al,1.6616833433333311,0.325,0.35714285714285704
,Al,1.396432456666664,0.18181818181818102,0.25
,Al,1.196037241666667,0.325,0.35714285714285704
,Al,1.1332984600000011,0.1,0.18181818181818102
,Al,3.140196106666662,0.210526315789473,0.23076923076923
,Al,3.5458582237500043,0.0,0.1
,Al,2.277566271666664,0.0,0.07692307692307601
,Al,2.457920810000002,0.0,0.08333333333333301
,Al,0.5827683,0.0,0.14285714285714202
,Al,0.039730814722222,0.0,0.923076923076923
,Al,2.128256393333333,0.0,0.14285714285714202
,Al,3.077943707499999,0.0,0.28571428571428503
,Al,2.924427474166665,0.0,0.08163265306122401
,Al,3.71791555458333,0.0,0.1
,Al,2.427652671666666,0.0,0.07692307692307601
,Al,2.482539553333332,0.0,0.08333333333333301
,Al,0.466876891666667,0.0,0.14285714285714202
,Al,0.8743090900000001,0.33333333333333304,0.5
,Al,0.043121563333333,0.0,0.923076923076923
,Al,0.125643175333333,0.0,0.833333333333333
,Al,0.122756845,0.0,0.833333333333333
,Al,3.949793261666672,0.057142857142857,0.108108108108108
,Al,1.434069839999999,0.0,0.08333333333333301
,Al,1.173327593333333,0.0,0.08333333333333301
,Al,1.407975111666665,0.0,0.08333333333333301
,Al,1.835916119166667,0.0,0.1
,Al,1.109152268750004,0.0,0.1
,Al,2.245492587916667,0.0,0.1
,Al,-0.220095538333329,0.0,0.1
,Al,0.8288047616666651,0.0,0.14285714285714202
,Al,1.558621521666663,0.0,0.08333333333333301
,Al,1.636686101666666,0.0,0.08333333333333301
,Al,1.3284931216666651,0.0,0.08333333333333301
,Al,0.7530239699999981,0.0,0.14285714285714202
,Al,1.625225361666667,0.0,0.08333333333333301
,Al,1.813854571666667,0.0,0.14285714285714202
,Al,1.5385510633333361,0.0,0.08333333333333301
,Al,2.033616386666667,0.0,0.08333333333333301
,Al,1.662394503333334,0.0,0.08333333333333301
,Al,0.8731444433333331,0.0,0.14285714285714202
,Al,1.871966930000001,0.0,0.2
,Al,-0.5020637824999991,0.0,0.2
,Al,0.060625359999999004,0.0,0.923076923076923
,Al,1.128519566666665,0.0,0.07692307692307601
,Al,0.27978219666666704,0.0,0.5
,Al,0.26157993166666604,0.0,0.5
,Al,0.356858516666664,0.0,0.11111111111111101
,Al,-0.14892064333333302,0.0,0.6666666666666661
,Al,0.296972876666667,0.0,0.11111111111111101
,Al,0.16001336833333302,0.5,0.75
,Al,-0.015582723333340001,0.9090909090909091,0.9111111111111111
,Al,0.09737675733333301,0.0,0.833333333333333
,Al,0.029234101388888004,0.0,0.923076923076923
,Al,0.389458330000001,0.0,0.16666666666666602
,Al,0.053297254166666,0.0,0.8695652173913041
,Al,1.574902103333331,0.0,0.05
,Al,2.580955463333341,0.0,0.07692307692307601
,Al,3.425539399999991,0.210526315789473,0.25
,Al,3.199762320000003,0.210526315789473,0.28571428571428503
,Al,2.527604855,0.0,0.14285714285714202
,Al,3.159547659999999,0.0,0.14285714285714202
,Al,4.004917053333332,0.0,0.1
,Al,2.566741996666671,0.0,0.07692307692307601
,Al,2.838273530000002,0.0,0.08333333333333301
,Al,0.786678469999998,0.0,0.14285714285714202
,Al,1.374003253333334,0.0,0.05
,Al,0.032240662777777006,0.0,0.923076923076923
,Al,0.47172873000000004,0.0,0.5
,Al,3.614519853333327,0.210526315789473,0.25
,Al,2.793078554166667,0.210526315789473,0.28571428571428503
,Al,2.884921741666666,0.0,0.14285714285714202
,Al,3.330742623333336,0.210526315789473,0.25
,Al,3.324273199999995,0.08695652173913,0.125
,Al,3.822717899999999,0.0,0.08163265306122401
,Al,2.12504243,0.0,0.2
,Al,1.560872183333333,0.0,0.08333333333333301
,Al,1.210356843333331,0.0,0.07692307692307601
,Al,3.542889736666666,0.0,0.14285714285714202
,Al,3.112661836666667,0.0,0.14285714285714202
,Al,3.690718435000004,0.25,0.28571428571428503
,Al,3.219907803333335,0.210526315789473,0.25
,Al,4.08883888833333,0.0,0.1
,Al,3.287750436666667,0.0,0.07692307692307601
,Al,3.066423846666668,0.0,0.08333333333333301
,Al,0.568317788333333,0.0,0.14285714285714202
,Ca,-0.03477279,0.0,0.75
,Ca,3.210683245000001,0.0,0.04
,Ca,2.091617385000002,0.0,0.047619047619047006
,Ca,0.9583296350000011,0.0,0.052631578947368
,Ca,1.091227075,0.0,0.2
,Ca,4.034193040000008,0.0,0.043478260869565
,Ca,6.635897590000002,0.07692307692307601,0.14285714285714202
,Ca,-1.0706365125,0.0,0.5
,Ca,0.6185239100000101,0.19298245614035,0.206896551724137
,Ca,4.348296104999998,0.0,0.14285714285714202
,Ca,4.6551365350000005,0.0,0.04
,Ca,0.38636363499999704,0.0,0.066666666666666
,Ca,4.244732465000001,0.0,0.125
,Ca,4.129638497499999,0.11111111111111101,0.2
,Ca,4.020413981250004,0.0,0.09090909090909001
,Ca,4.311320195000003,0.0,0.125
,Ca,4.577865301666669,0.061224489795918005,0.115384615384615
,Ca,4.5986944799999945,0.047619047619047006,0.09090909090909001
,Ca,4.2897547200000075,0.0,0.04
,Ca,0.10724325999999901,0.0,0.5
,Ca,3.68238622,0.0,0.07142857142857101
,Ca,-0.951993139999996,0.0,0.041666666666666005
,Ca,1.5440862112499991,0.125,0.36363636363636304
,Ca,3.9704938399999983,0.0,0.07142857142857101
,Ca,3.592854074999997,0.0,0.105263157894736
,Ca,3.578009081666667,0.0,0.130434782608695
,Ca,5.2949598525000034,0.0,0.05
,Ca,5.422759084999998,0.0,0.1
,Ca,5.56046750750001,0.052631578947368,0.1
,Ca,2.692261180000005,0.0,0.07142857142857101
,Ca,5.856193725,0.0,0.05
,Ca,4.853321722500001,0.0,0.05
,Ca,3.612223474999996,0.0,0.05
,Ca,2.758476707500004,0.0,0.05
,Ca,2.80697246,0.0,0.05
,Ca,4.18695276,0.025641025641025002,0.05
,Ca,3.7427938,0.0,0.08333333333333301
,Ca,1.9270992462500012,0.30000000000000004,0.36363636363636304
,Ca,3.768816375000002,0.0,0.066666666666666
,Ca,3.823403330000004,0.047619047619047006,0.130434782608695
,Ca,3.6907708324999993,0.047619047619047006,0.130434782608695
,Ca,3.857540163750001,0.0,0.1
,Ca,3.454142200000002,0.0,0.1
,Ca,2.996003828750005,0.0,0.1
,Ca,3.39901344,0.0,0.07692307692307601
,Ca,4.603124914999998,0.0,0.07142857142857101
,Ca,3.625333020000001,0.0,0.07142857142857101
,Ca,2.283181399999999,0.0,0.07142857142857101
,Ca,5.308343484999997,0.0,0.07142857142857101
,Ca,3.9645487024999992,0.0,0.105263157894736
,Ca,3.928670959999998,0.0,0.130434782608695
,Ca,3.756416440000011,0.037037037037037,0.07142857142857101
,Ca,-0.921490804999995,0.0,0.052631578947368
,Ca,2.347176469999996,0.0,0.07142857142857101
,Ca,0.592892980000004,0.0,0.043478260869565
,Ca,2.844697044999999,0.0,0.07142857142857101
,Ca,1.055070565000003,0.0,0.07142857142857101
,Ca,-2.066013985000002,0.0,0.066666666666666
,Ca,1.6406185649999991,0.0,0.105263157894736
,Ca,1.521635063333332,0.0,0.130434782608695
,Ca,2.753722405,0.0,0.07142857142857101
,Ca,1.7462369649999971,0.0,0.07142857142857101
,Ca,4.420395581249994,0.0,0.047619047619047006
,Ca,1.4841123250000001,0.0,0.047619047619047006
,Ca,0.43576784,0.0,0.6000000000000001
,Ca,4.025664164999998,0.0,0.125
,Ca,4.094006675000005,0.0,0.125
,Ca,3.341376480000003,0.0,0.066666666666666
,Ca,5.275976172500001,0.0,0.14285714285714202
,Ca,5.289820532500001,0.0,0.14285714285714202
,Ca,5.006818604999998,0.0,0.1
,Ca,3.280366787499995,0.0,0.1
,Ca,3.554604717499997,0.0,0.125
,Ca,3.778426958124998,0.0,0.125
,Ca,1.289684443333333,0.0,0.6000000000000001
,Ca,4.633728616249999,0.0,0.07142857142857101
,Ca,3.019994392499998,0.0,0.14285714285714202
,Ca,3.309772022500001,0.0,0.14285714285714202
,Ca,3.312334452499999,0.0,0.14285714285714202
,Ca,3.223306194999998,0.0,0.14285714285714202
,Ca,3.3940670424999992,0.0,0.22222222222222202
,Ca,3.673728269999997,0.11111111111111101,0.2
,Ca,4.174941455000012,0.0,0.05
,Ca,4.937561904999999,0.0,0.032258064516129004
,Ca,4.224319359999998,0.0,0.066666666666666
,Ca,3.8911651950000152,0.0,0.055555555555555004
,Ca,3.329408620000001,0.0,0.1
,Ca,4.18830408375,0.0,0.125
,Ca,5.179136741249997,0.0,0.125
,Ca,4.314655602499999,0.0,0.07142857142857101
,Ca,0.9567844699999971,0.0,0.07142857142857101
,Ca,4.738932246250001,0.0,0.125
,Ca,4.103673797500003,0.11111111111111101,0.2
,Ca,4.995071523125001,0.0,0.125
,Ca,3.447982204999998,0.0,0.125
,Ca,3.682414704375001,0.0,0.125
,Ca,0.345264029999998,0.0,0.047619047619047006
,Ca,-1.105193505,0.0,0.33333333333333304
,Ca,10.5291479925,0.2,0.33333333333333304
,Ca,0.054921210000000005,0.0,0.33333333333333304
,Ca,2.4669594399999992,0.33333333333333304,0.384615384615384
,Ca,3.614340345000001,0.0,0.15384615384615302
,Ca,4.906288620000001,0.0,0.07142857142857101
,Ca,5.5466400775,0.0,0.14285714285714202
,Ca,3.264372876250002,0.0,0.09090909090909001
,Ca,3.065292232499998,0.0,0.14285714285714202
,Ca,3.443418215833335,0.0,0.14285714285714202
,Ca,3.379347290000001,0.0,0.22222222222222202
,Ca,4.482058322500001,0.0,0.15384615384615302
,Ca,3.789960447500003,0.0,0.14285714285714202
,Ca,3.428400922500002,0.0,0.125
,Ca,2.435695857499996,0.0,0.08333333333333301
,Ca,3.511667595000001,0.0,0.07142857142857101
,Ca,4.516205600000002,0.07692307692307601,0.14285714285714202
,Ca,2.7927772075000012,0.0,0.14285714285714202
,Ca,3.8364995812499982,0.0,0.2
,Ca,4.368858564999999,0.0,0.15384615384615302
,Ca,4.095560084999998,0.0,0.07692307692307601
,Ca,3.680661340000003,0.0,0.14285714285714202
,Ca,3.6202713674999982,0.0,0.14285714285714202
,Ca,2.399979422499998,0.0,0.09090909090909001
,Ca,3.837103744999999,0.0,0.14285714285714202
,Ca,3.2497115725,0.0,0.125
,Ca,4.538164767499995,0.0,0.05
,Ca,4.108381761250004,0.0,0.09090909090909001
,Ca,2.640525787499998,0.0,0.045454545454545005
,Ca,3.795063854999997,0.0,0.09090909090909001
,Ca,2.8126337100000023,0.0,0.04
,Ca,3.8330544324999942,0.0,0.09090909090909001
,Ca,4.913819507499998,0.0,0.066666666666666
,Ca,3.606140787500005,0.0,0.07692307692307601
,Ca,4.84894905499998,0.18181818181818102,0.2
,Ca,4.61051377875,0.0,0.07142857142857101
,Ca,4.190227802499993,0.0,0.055555555555555004
,Ca,3.6066464949999952,0.0,0.07692307692307601
,Ca,4.70352962499999,0.0,0.055555555555555004
,Ca,4.048359267499999,0.0,0.1
,Ca,2.8209258625,0.0,0.066666666666666
,Ca,4.147956572500003,0.0,0.0625
,Ca,2.952911246249999,0.0,0.1
,Ca,4.761259247500001,0.0,0.15
,Ca,3.740271203749997,0.0,0.15384615384615302
,Ca,3.7053596675000002,0.0,0.2
,Ca,3.555097733749998,0.0,0.2
,Ca,2.0127466325,0.0,0.14285714285714202
,Ca,-0.16714484166666602,0.0,0.75
,Ca,0.6175536650000051,0.0,0.04
,Ca,5.229933975000001,0.09090909090909001,0.16666666666666602
,Ca,4.320914519999998,0.0,0.05
,Ca,3.537245015000005,0.0,0.05
,Ca,3.849141454999997,0.052631578947368,0.1
,Ca,4.086551792499992,0.052631578947368,0.1
,Ca,0.16738928500000103,0.0,0.05
,Ca,3.0579784524999982,0.2,0.27272727272727204
,Ca,3.8440782899999872,0.0,0.05
,Ca,2.8323315474999933,0.0,0.09090909090909001
,Ca,2.667492644999998,0.0,0.05
,Ca,3.195864341249996,0.0,0.07692307692307601
,Ca,2.39735008,0.0,0.2
,Ca,4.522905584999999,0.0,0.05
,Ca,3.58594041,0.0,0.14285714285714202
,Ca,3.797781760000002,0.0,0.09090909090909001
,Ca,3.763643797499998,0.0,0.08333333333333301
,Ca,2.893473755000001,0.14285714285714202,0.25
,Ca,3.940032394999998,0.0,0.066666666666666
,Ca,4.617203468333332,0.061224489795918005,0.115384615384615
,Ca,4.612194437500011,0.047619047619047006,0.09090909090909001
,Ca,4.026783707500004,0.0,0.045454545454545005
,Ca,1.951387280000008,0.0,0.045454545454545005
,Ca,3.3513330775,0.2,0.27272727272727204
,Ca,2.073606199999996,0.0,0.05
,Ca,4.061294474999999,0.032258064516129004,0.0625
,Ca,3.219312404999999,0.0,0.05
,Ca,3.634963362499998,0.0,0.07692307692307601
,Ca,3.545842944999992,0.0,0.05
,Ca,3.101637539999987,0.0,0.05
,Ca,4.388626292499995,0.0,0.07692307692307601
,Ca,4.527557858333327,0.047619047619047006,0.09090909090909001
,Ca,2.358407415000004,0.0,0.05
,Ca,2.676410097499999,0.0,0.09090909090909001
,Ca,0.551149434999998,0.0,0.11111111111111101
,Ca,-1.023978530000005,0.0,0.043478260869565
,Ca,5.1599178475,0.0,0.16666666666666602
,Ca,6.242252670000002,0.07692307692307601,0.14285714285714202
,Ca,4.311220677499992,0.0,0.0625
,Ca,3.753874981249995,0.0,0.1
,Ca,3.751152751249999,0.0,0.1
,Ca,4.741086927500009,0.105263157894736,0.15
,Ca,3.735736912500004,0.0,0.05
,Ca,3.613818837500001,0.11111111111111101,0.2
,Ca,2.755123683333331,0.0,0.081081081081081
,Ca,0.21661712000000402,0.0,0.066666666666666
,Ca,1.7143427350000011,0.0,0.14285714285714202
,Ca,1.115058664999995,0.0,0.058823529411764004
,Ca,0.4835827475,0.0,0.5
,Ca,-1.068705265,0.0,0.5
,Ca,3.499298844999987,0.17647058823529402,0.22222222222222202
,Ca,3.515586644999994,0.17647058823529402,0.22222222222222202
,Ca,1.233848785000009,0.0,0.05
,Ca,0.938815774999997,0.0,0.052631578947368
,Ca,0.015799645000003002,0.0,0.052631578947368
,Ca,1.194819889999999,0.0,0.33333333333333304
,Ca,0.027683639285714,0.0,0.875
,Ca,0.543238787499999,0.0,0.6666666666666661
,Ca,-0.7853913250000031,0.0,0.043478260869565
,Ca,-0.148144464999999,0.5,0.75
,Ca,3.6602708362500023,0.0,0.1
,Ca,3.675114437500001,0.0,0.1
,Ca,3.278232838333336,0.0,0.15
,Ca,4.74983709625,0.0,0.1
,Ca,5.04226532,0.0,0.1
,Ca,2.167678813749996,0.0,0.1
,Ca,2.602380652500005,0.0,0.1
,Ca,2.6169912262500032,0.0,0.1
,Ca,2.588152350416666,0.0,0.15
,Ca,-1.582062255000001,0.0,0.058823529411764004
,Ca,1.346740630000002,0.0,0.04
,Ca,4.390628742499994,0.055555555555555004,0.15
,Ca,0.13515141833333302,0.0,0.75
,Ca,2.687562464999994,0.0,0.1
,Ca,2.073028522499998,0.0,0.1
,Ca,3.002782194999997,0.0,0.1
,Ca,1.961787782499999,0.0,0.1
,Ca,0.151183811666666,0.0,0.75
,Ca,3.565982517500006,0.11111111111111101,0.2
,Ca,2.752612175,0.0,0.2
,Ca,3.229240609999999,0.0,0.2
,Ca,2.8633720175,0.0,0.2
,Ca,-0.11458444333333301,0.0,0.75
,Ca,-0.094531391666666,0.0,0.75
,Ca,-0.642771710000002,0.0,0.047619047619047006
,Ca,3.724356770000002,0.051282051282051,0.075
,Ca,3.240184139999999,0.052631578947368,0.1
,Ca,2.182170279999996,0.0,0.1
,Ca,-1.902307300000001,0.0,0.047619047619047006
,Ca,1.491692435,0.0,0.1
,Ca,0.376791999999999,0.0,0.16666666666666602
,Ca,-0.028186087500000002,0.5,0.75
,Ca,-0.016092431666666,0.0,0.75
,Ca,-0.004879374999999,0.6666666666666661,0.75
,Ca,-0.105115515,0.5,0.6666666666666661
,Ca,0.019097951999999002,0.0,0.833333333333333
,Ca,4.376778470000022,0.2,0.20879120879120802
,Ca,-0.23165506166666602,0.0,0.75
,Ca,1.296793019999998,0.478260869565217,0.5
,Ca,1.223623594999995,0.384615384615384,0.42857142857142805
,Ca,4.528860764999993,0.055555555555555004,0.15
,Ca,1.781921459999995,0.052631578947368,0.1
,Ca,4.204908564999999,0.2,0.27272727272727204
,Ca,4.945968158749994,0.0,0.07142857142857101
,Ca,2.7373437175000133,0.04,0.07692307692307601
,Ca,3.461510046874997,0.0,0.14285714285714202
,Ca,3.330847089166669,0.0,0.14285714285714202
,Ca,3.340953119999997,0.0,0.08333333333333301
,Ca,3.421989107499999,0.0,0.07692307692307601
,Ca,3.347217090000004,0.0,0.09090909090909001
,Ca,3.462697327499998,0.25,0.30769230769230704
,Ca,2.269730132499998,0.0,0.25
,Ca,2.694968009999999,0.0,0.07692307692307601
,Ca,3.782159869999998,0.0,0.22222222222222202
,Ca,3.6088840849999992,0.0,0.14285714285714202
,Ca,2.57542190125,0.0,0.25
,Ca,2.556695429999997,0.0,0.25
,Ca,3.486971626250002,0.0,0.14285714285714202
,Ca,3.580753594999993,0.0,0.05
,Ca,2.794198236250001,0.0,0.25
,Ca,3.143674727500001,0.0,0.25
,Ca,3.05528457875,0.0,0.14285714285714202
,Ca,4.938846217500003,0.0,0.055555555555555004
,Ca,4.549765997499999,0.0,0.09090909090909001
,Ca,4.394044323749997,0.0,0.07142857142857101
,Ca,4.451734935000007,0.0,0.05
,Ca,3.956246074999984,0.0,0.045454545454545005
,Ca,6.121570934999997,0.0,0.047619047619047006
,Ca,4.030366034999996,0.0,0.07692307692307601
,Ca,4.271270499999995,0.0,0.1
,Ca,2.394528897499998,0.0,0.066666666666666
,Ca,3.82459036750001,0.157894736842105,0.2
,Ca,3.830577264374997,0.0,0.1
,Ca,3.890323616250003,0.105263157894736,0.15
,Ca,4.179207129999997,0.09090909090909001,0.130434782608695
,Ca,3.672704327500002,0.0,0.04
,Ca,3.545761497500005,0.0,0.1
,Ca,4.185991686250001,0.0,0.0625
,Ca,4.654367669999995,0.055555555555555004,0.15
,Ca,3.477231900000009,0.157894736842105,0.2
,Ca,3.4769150324999982,0.11111111111111101,0.2
,Ca,1.5819923750000011,0.0,0.14285714285714202
,Ca,1.709518763333333,0.07692307692307601,0.25
,Ca,2.5921004849999982,0.0,0.15384615384615302
,Ca,3.680435380000001,0.0,0.07142857142857101
,Ca,2.049060678750002,0.0,0.22222222222222202
,Ca,1.4760271400000011,0.0,0.1
,Ca,2.721778355,0.0,0.125
,Ca,4.254008760000008,0.14285714285714202,0.18181818181818102
,Ca,4.167260372499999,0.0,0.037037037037037
,Ca,2.4202679199999992,0.0,0.14285714285714202
,Ca,2.137037422499999,0.0,0.14285714285714202
,Ca,2.309931395000002,0.11111111111111101,0.2
,Ca,2.134563684999999,0.0,0.07692307692307601
,Ca,2.033407965000001,0.0,0.14285714285714202
,Ca,-1.5848507799999931,0.0,0.052631578947368
,Ca,-0.9643652050000001,0.0,0.0625
,Ca,0.035246415000005006,0.0,0.043478260869565
,Ca,0.9198173675000041,0.0,0.1
,Ca,1.8045149374999911,0.0,0.0625
,Ca,2.896597506249992,0.0,0.0625
,Ca,2.473753526250003,0.0,0.1
,Ca,2.5402736174999943,0.0,0.0625
,Ca,2.5434768395833323,0.0,0.15
,Ca,1.7973191025,0.0,0.14285714285714202
,Ca,1.936496304999997,0.0,0.14285714285714202
,Ca,4.641322972500002,0.055555555555555004,0.15
,Ca,4.349831212500002,0.055555555555555004,0.15
,Ca,3.320073132500002,0.055555555555555004,0.15
,Ca,4.843963351249999,0.0,0.18181818181818102
,Ca,4.091721834999997,0.0,0.11111111111111101
,Ca,2.2327677325,0.0,0.15384615384615302
,Ca,1.31064925,0.0,0.14285714285714202
,Ca,1.623754757500001,0.0,0.14285714285714202
,Ca,1.450642114999999,0.0,0.14285714285714202
,Ca,1.932518750000002,0.0,0.07692307692307601
,Ca,1.349777927500002,0.0,0.09090909090909001
,Ca,1.317633675000006,0.0,0.08333333333333301
,Ca,1.647955177500001,0.0,0.14285714285714202
,Ca,1.322276845,0.0,0.07692307692307601
,Ca,1.3675625200000021,0.0,0.14285714285714202
,Ca,0.436387869999999,0.07692307692307601,0.14285714285714202
,Ca,1.272936503749998,0.0,0.14285714285714202
,Ca,1.4033586724999971,0.0,0.14285714285714202
,Ca,2.613701460000004,0.0,0.04
,Ca,2.368476171249997,0.0,0.22222222222222202
,Ca,2.687495186249999,0.0,0.14285714285714202
,Ca,2.748419790000002,0.0,0.14285714285714202
,Ca,3.817617407499997,0.0,0.07142857142857101
,Ca,2.299386457500001,0.0,0.07692307692307601
,Ca,2.391851384999998,0.0,0.09090909090909001
,Ca,2.704039505000003,0.0,0.14285714285714202
,Ca,3.194323724999999,0.0,0.125
,Ca,2.54234080375,0.0,0.14285714285714202
,Ca,3.435953266249998,0.0,0.09090909090909001
,Ca,2.7183687050000023,0.0,0.14285714285714202
,Ca,2.358114304999996,0.0,0.07692307692307601
,Ca,3.125972364999998,0.11111111111111101,0.2
,Ca,2.863967294999997,0.0,0.07692307692307601
,Ca,3.06292209,0.0,0.125
,Ca,2.726785615,0.0,0.14285714285714202
,Ca,2.624687555833332,0.0,0.14285714285714202
,Ca,1.729841581249998,0.0,0.2
,Ca,1.7904401450000071,0.0,0.14285714285714202
,Ca,1.0994986325,0.0,0.125
,Ca,2.310643352500004,0.0,0.14285714285714202
,Ca,2.223335076250005,0.0,0.11111111111111101
,Ca,1.4022461587500061,0.0,0.14285714285714202
,Ca,0.6453162600000041,0.0,0.07692307692307601
,Ca,1.9489514525,0.0,0.09090909090909001
,Ca,1.541626339999996,0.0,0.07692307692307601
,Ca,2.265647812500002,0.0,0.15384615384615302
,Ca,2.601215197499999,0.0,0.14285714285714202
,Ca,2.113341882500004,0.0,0.14285714285714202
,Ca,1.704101387499998,0.0,0.07692307692307601
,Ca,3.091811035000002,0.0,0.15384615384615302
,Ca,1.430910162500002,0.0,0.22222222222222202
,Ca,1.9002754425000021,0.0,0.14285714285714202
,Ca,-0.255049185,0.0,0.75
,Ca,0.11049146500000001,0.5,0.75
,Ca,0.386196917499999,0.0,0.6666666666666661
,Ca,0.416772074999999,0.0,0.6666666666666661
,Ca,-0.06319517333333301,0.0,0.75
,Ca,-0.14259207166666601,0.0,0.75
,Ca,0.190442177499999,0.0,0.6666666666666661
,Ca,3.050573945,0.0,0.5
,Ca,3.184510907500001,0.125,0.22222222222222202
,Ca,1.369599865,0.07692307692307601,0.14285714285714202
,Ca,1.16891634,0.0,0.25
,Ca,1.158329534999999,0.0,0.14285714285714202
,Ca,2.179020624999999,0.0,0.125
,Ca,1.763414910000004,0.0,0.07692307692307601
,Ca,1.409280040000001,0.0,0.14285714285714202
,Ca,0.6398108383333331,0.0,0.6000000000000001
,Ca,0.45407268687499996,0.0,0.6666666666666661
,Ca,0.44862658250000004,0.0,0.6666666666666661
,Ca,-0.067510648333333,0.0,0.75
,Ca,0.476574279999999,0.0,0.6666666666666661
,Ca,0.053680109999999004,0.0,0.75
,Ca,-0.022336585000000003,0.0,0.75
,Ca,1.570363379999999,0.0,0.5
,Ca,0.12026668499999901,0.0,0.75
,Ca,-0.387579655,0.0,0.75
,Ca,-0.077714508333333,0.0,0.75
,Ca,-0.03265239,0.0,0.75
,Ca,-0.11648114500000001,0.5,0.75
,Ca,0.21484153500000003,0.6666666666666661,0.75
,Ca,-0.0536664425,0.5,0.75
,Ca,-1.0469892925,0.0,0.5
,Ca,0.28155212500000004,0.0,0.5
,Ca,2.404675740000001,0.0,0.1
,Ca,2.29222126,0.0,0.055555555555555004
,Ca,3.361655989999998,0.0,0.1
,Ca,4.276297067499999,0.0,0.05
,Ca,5.420824712499997,0.0,0.16666666666666602
,Ca,2.998520304999988,0.0,0.04
,Ca,4.234865615000007,0.0,0.1
,Ca,4.3214077450000055,0.0,0.1
,Ca,1.907182665000001,0.0,0.2
,Ca,1.58534419125,0.25,0.45454545454545403
,Ca,3.848830143749995,0.14285714285714202,0.2
,Ca,3.614062422500001,0.0,0.08333333333333301
,Ca,3.179526296666664,0.0,0.14285714285714202
,Ca,3.233779334999996,0.0,0.07692307692307601
,Ca,3.383236352499998,0.0,0.14285714285714202
,Ca,3.750001100000001,0.0,0.14285714285714202
,Ca,3.43355422,0.0,0.14285714285714202
,Ca,3.693774970000002,0.0,0.07692307692307601
,Ca,3.305541635,0.2,0.33333333333333304
,Ca,3.8604076449999982,0.0,0.09090909090909001
,Ca,3.411189181250001,0.0,0.14285714285714202
,Ca,3.358120819999999,0.0,0.14285714285714202
,Ca,3.148818794999999,0.0,0.14285714285714202
,Ca,3.220358399166666,0.0,0.14285714285714202
,Ca,2.6437496875,0.0,0.07692307692307601
,Ca,4.528607212500009,0.0,0.045454545454545005
,Ca,4.699605262499996,0.0,0.09090909090909001
,Ca,5.477974854999994,0.0,0.055555555555555004
,Ca,3.3857844049999692,0.2,0.20879120879120802
,Ca,4.780278013750002,0.0,0.09090909090909001
,Ca,4.304882730000005,0.0,0.07692307692307601
,Ca,4.059182747499991,0.0,0.1
,Ca,3.560951855,0.157894736842105,0.27272727272727204
,Ca,2.8951099899999972,0.0,0.07692307692307601
,Ca,2.665764140000002,0.0,0.066666666666666
,Ca,3.474194424999996,0.23809523809523803,0.27272727272727204
,Ca,4.239384293750002,0.09090909090909001,0.16666666666666602
,Ca,4.193764542500001,0.0,0.1
,Ca,3.824019416249998,0.0,0.1
,Ca,4.183918322499994,0.0,0.0625
,Ca,4.002934974375004,0.0,0.09090909090909001
,Ca,4.492510370000001,0.157894736842105,0.2
,Ca,4.496499098750003,0.0,0.09090909090909001
,Ca,4.114700269999996,0.11111111111111101,0.2
,Ca,1.607060332499997,0.0,0.14285714285714202
,Ca,3.870545594999998,0.0,0.05
,Ca,3.50783875875,0.0,0.07692307692307601
,Ca,3.688089409166667,0.0,0.09090909090909001
,Ca,4.962554234999998,0.0,0.16666666666666602
,Ca,5.7027806325000014,0.0,0.14285714285714202
,Ca,5.940197190000002,0.0,0.125
,Ca,5.662301613749999,0.0,0.14285714285714202
,Ca,4.221207612499998,0.0,0.1
,Ca,3.217637478333328,0.0,0.081081081081081
,Ca,4.746795054583333,0.0,0.15
,Ca,3.146556977499993,0.0,0.1
,Ca,3.137724488749998,0.0,0.1
,Ca,0.127183034999997,0.0,0.066666666666666
,Ca,4.0259643075,0.0,0.1
,Ca,3.761337211249997,0.0,0.2
,Ca,3.5199190750000002,0.0,0.1
,Ca,3.5412989749999992,0.0,0.1
,Ca,4.052649268749998,0.0,0.1
,Ca,1.148196059999999,0.0,0.0625
,Ca,5.524477400000001,0.0,0.16666666666666602
,Ca,5.314492394999998,0.07692307692307601,0.14285714285714202
,Ca,4.044480178749999,0.0,0.14285714285714202
,Ca,4.103958445000003,0.0,0.14285714285714202
,Ca,6.3605322375,0.0,0.16666666666666602
,Ca,0.389287279999993,0.14285714285714202,0.18181818181818102
,Ca,-0.052859139999992005,0.0,0.04
,Ca,0.14599682500000002,0.0,0.04
,Ca,6.356367764999999,0.0,0.2
,Ca,3.8875087374999993,0.0,0.14285714285714202
,Ca,3.625794939999999,0.0,0.16666666666666602
,Ca,2.371252784999998,0.07692307692307601,0.14285714285714202
,Ca,3.9936467149999992,0.0,0.16666666666666602
,Ca,4.614110079999999,0.0,0.14285714285714202
,Ca,3.3005293225,0.0,0.14285714285714202
,Ca,3.252734338750001,0.0,0.14285714285714202
,Ca,3.865527737499998,0.17647058823529402,0.22222222222222202
,Ca,3.902151619999996,0.0,0.1
,Ca,3.816526803750001,0.0,0.1
,Ca,4.38352936,0.052631578947368,0.1
,Ca,2.753381849999999,0.0,0.1
,Ca,3.749965609999999,0.0,0.1
,Ca,3.547922757499999,0.0,0.1
,Ca,0.9294676474999931,0.0,0.052631578947368
,Ca,3.750964677499996,0.0,0.1
,Ca,2.543917697500002,0.0,0.1
,Ca,3.747230596250002,0.125,0.22222222222222202
,Ca,2.813388335000001,0.0,0.081081081081081
,Ca,3.593723472499998,0.11111111111111101,0.2
,Ca,1.683621594999999,0.0,0.2
,Ca,1.064723680000002,0.478260869565217,0.5
,Ca,3.731925434999996,0.0,0.05
,Ca,4.881421875000018,0.069767441860465,0.09090909090909001
,Ca,4.025259715,0.0,0.1
,Ca,5.092517453750001,0.0,0.07142857142857101
,Ca,4.502335843749999,0.0,0.14285714285714202
,Ca,4.032210675000001,0.0,0.14285714285714202
,Ca,3.972899129166665,0.0,0.14285714285714202
,Ca,4.0119839675,0.0,0.14285714285714202
,Ca,3.999257291666668,0.0,0.14285714285714202
,Ca,3.514692837499999,0.14285714285714202,0.25
,Ca,3.2224751,0.0,0.08333333333333301
,Ca,4.020582738333327,0.0,0.14285714285714202
,Ca,4.112289990000003,0.0,0.07692307692307601
,Ca,3.244625389999998,0.0,0.09090909090909001
,Ca,3.064646723749997,0.0,0.07692307692307601
,Ca,3.993784855625,0.0,0.14285714285714202
,Ca,4.117768908750004,0.0,0.07692307692307601
,Ca,4.808279457499995,0.0,0.055555555555555004
,Ca,4.657181641250001,0.0,0.09090909090909001
,Ca,3.626405594999997,0.0,0.045454545454545005
,Ca,4.9615032900000005,0.0,0.05
,Ca,5.018524015,0.0,0.07142857142857101
,Ca,4.277546660000001,0.0,0.09090909090909001
,Ca,3.15446019999999,0.0,0.04
,Ca,4.877408432499993,0.0,0.055555555555555004
,Ca,4.053555424999994,0.0,0.07692307692307601
,Ca,4.877429975000001,0.028571428571428,0.055555555555555004
,Ca,3.679423537500002,0.0,0.047619047619047006
,Ca,4.338629010000001,0.0,0.1
,Ca,2.618677470000004,0.11111111111111101,0.2
,Ca,3.568452275000001,0.157894736842105,0.27272727272727204
,Ca,0.678110854999995,0.0,0.066666666666666
,Ca,4.615233967500006,0.157894736842105,0.2
,Ca,3.4920843912499993,0.0,0.15384615384615302
,Ca,2.18807060625,0.0,0.14285714285714202
,Ca,2.070210952500004,0.0,0.125
,Ca,2.357605070000001,0.0,0.07692307692307601
,Ca,2.55415044,0.0,0.14285714285714202
,Ca,2.659607997499999,0.0,0.14285714285714202
,Ca,2.738588607500001,0.0,0.15384615384615302
,Ca,2.7045520812499992,0.0,0.2
,Ca,5.335583362500002,0.0,0.16666666666666602
,Ca,2.101972988750009,0.0,0.09090909090909001
,Ca,1.459997225000004,0.0,0.07692307692307601
,Ca,2.220651301875,0.0,0.14285714285714202
,Ca,3.168324374999999,0.0,0.07142857142857101
,Ca,3.178556944999999,0.0,0.066666666666666
,Ca,3.11886863999999,0.0,0.05
,Ca,3.157875339999992,0.0,0.055555555555555004
,Ca,2.6932511349999992,0.0,0.1
,Ca,3.257597550416664,0.0,0.15
,Ca,0.49108896500000504,0.0,0.043478260869565
,Ca,2.619560008750002,0.0,0.2
,Ca,2.5255940525,0.0,0.2
,Ca,0.752421505000003,0.0,0.05
,Ca,1.823058289999994,0.0,0.066666666666666
,Ca,2.4372143533333332,0.0,0.6000000000000001
,Ca,2.7169325300000002,0.0,0.5
,Ca,2.026210339999999,0.0,0.2
,Ca,0.066175680000003,0.0,0.045454545454545005
,Ca,2.4547980750000002,0.0,0.2
,Ca,1.411538428333333,0.0,0.6000000000000001
,Ca,1.122096293333333,0.0,0.6000000000000001
,Ca,2.597285084999998,0.33333333333333304,0.384615384615384
,Ca,-0.056442435000000006,0.0,0.75
,Ca,4.695906618333332,0.052631578947368,0.18181818181818102
,Ca,2.168523011249998,0.0,0.15384615384615302
,Ca,-0.057582443333333004,0.0,0.75
,Ca,3.8677873374999963,0.0,0.14285714285714202
,Ca,3.831392704999994,0.0,0.07692307692307601
,Ca,4.254337392499997,0.0,0.14285714285714202
,Ca,3.9850832424999982,0.0,0.14285714285714202
,Ca,3.8315538900000012,0.0,0.14285714285714202
,Ca,3.603743440000001,0.0,0.14285714285714202
,Ca,3.903806800833332,0.0,0.14285714285714202
,Ca,4.252496922499996,0.0,0.09090909090909001
,Ca,4.102031012499995,0.0,0.07692307692307601
,Ca,4.153303889999999,0.0,0.08333333333333301
,Ca,4.746306189999998,0.0,0.14285714285714202
,Ca,3.9231109275000002,0.0,0.14285714285714202
,Ca,3.7240155025000012,0.0,0.14285714285714202
,Ca,4.99440634999998,0.0,0.045454545454545005
,Ca,6.065884337499997,0.0,0.09090909090909001
,Ca,5.668589285000006,0.0,0.055555555555555004
,Ca,5.048711906250001,0.0,0.07142857142857101
,Ca,4.982341908749997,0.0,0.09090909090909001
,Ca,3.811423081250001,0.0,0.07142857142857101
,Ca,5.416001824999998,0.0,0.07142857142857101
,Ca,8.810330450000002,0.0,0.07692307692307601
,Ca,4.708086977499998,0.0,0.07692307692307601
,Ca,5.036568841250005,0.0,0.07142857142857101
,Ca,4.5548081337500035,0.0,0.07142857142857101
,Ca,3.125134712500002,0.0,0.07142857142857101
,Ca,4.659730877500006,0.0,0.1
,Ca,4.703886601250001,0.0,0.1
,Ca,4.21177227,0.0,0.0625
,Ca,4.568911971874992,0.0,0.1
,Ca,4.444184311249997,0.0,0.133333333333333
,Ca,2.330143030000004,0.0,0.052631578947368
,Ca,4.501799702499997,0.11111111111111101,0.2
,Ca,4.68653163,0.11111111111111101,0.2
,Ca,1.528864805,0.0,0.14285714285714202
,Ca,3.913668264999999,0.33333333333333304,0.5
,Ca,2.725309177499997,0.0,0.066666666666666
,Ca,2.457177744999998,0.0,0.055555555555555004
,Ca,2.507203642500005,0.0,0.07142857142857101
,Ca,2.8952877849999963,0.0,0.07692307692307601
,Ca,1.56914026,0.0,0.07692307692307601
,Ca,2.954687726250002,0.0,0.07692307692307601
,Ca,1.231265252499997,0.0,0.055555555555555004
,Ca,2.164933879999995,0.0,0.07142857142857101
,Ca,1.7834046650000082,0.0,0.05
,Ca,4.772605545000021,0.0,0.028571428571428
,Ca,1.030481287499998,0.0,0.045454545454545005
,Ca,1.542479812499999,0.0,0.09090909090909001
,Ca,3.490248155000005,0.0,0.055555555555555004
,Ca,2.356877990000003,0.0,0.055555555555555004
,Ca,3.47410882499999,0.0,0.034482758620689
,Ca,3.91032711,0.0,0.05
,Ca,3.275076897500002,0.0,0.09090909090909001
,Ca,2.970028288750003,0.0,0.07692307692307601
,Ca,3.3628552774999982,0.0,0.09090909090909001
,Ca,3.817402349999997,0.0,0.055555555555555004
,Ca,2.647277074999993,0.0,0.045454545454545005
,Ca,4.228452195000005,0.0,0.066666666666666
,Ca,3.685840647500003,0.0,0.07142857142857101
,Ca,2.292442688750003,0.0,0.07142857142857101
,Ca,2.618097462499999,0.0,0.066666666666666
,Ca,-1.14713608000001,0.0,0.052631578947368
,Ca,4.614993154999996,0.0,0.028571428571428
,Ca,2.136944792499998,0.0,0.1
,Ca,3.133239512500004,0.0,0.1
,Ca,3.029066362499999,0.0,0.1
,Ca,2.875560387500004,0.0,0.1
,Li,2.147050163333337,0.0,0.16666666666666602
,Li,0.21056543666666602,0.0,0.75
,Li,1.689714708333331,0.0,0.2
,Li,1.5458820933333342,0.0,0.14285714285714202
,Li,5.103887114999998,0.0,0.2
,Li,4.882004773333329,0.14285714285714202,0.25
,Li,5.052496508333335,0.16666666666666602,0.28571428571428503
,Li,0.6373623433333411,0.0,0.04
,Li,0.7235468433333421,0.0,0.09090909090909001
,Li,1.7337728633333331,0.0,0.2
,Li,2.55489157333334,0.0,0.047619047619047006
,Li,1.316682863333338,0.0,0.11111111111111101
,Li,1.5313378433333371,0.0,0.052631578947368
,Li,-1.511374616666666,0.0,0.066666666666666
,Li,4.556347028333332,0.0,0.14285714285714202
,Li,0.21214405333333303,0.0,0.25
,Li,4.128403602083336,0.1,0.25
,Li,0.42682322333334805,0.0,0.047619047619047006
,Li,1.009212783333344,0.027027027027027,0.1
,Li,1.585040253333337,0.0,0.066666666666666
,Li,2.8414990516666783,0.14285714285714202,0.25
,Li,4.017984108333327,0.16666666666666602,0.23076923076923
,Li,3.519553073333331,0.16666666666666602,0.23076923076923
,Li,0.8994778333333261,0.0,0.058823529411764004
,Li,4.493169558333339,0.09090909090909001,0.16666666666666602
,Li,3.6428909483333363,0.16666666666666602,0.23076923076923
,Li,3.79779738333333,0.09090909090909001,0.23076923076923
,Li,3.629206873333335,0.09090909090909001,0.23076923076923
,Li,3.292125393333326,0.09090909090909001,0.16666666666666602
,Li,4.520946918333334,0.0,0.14285714285714202
,Li,1.7028558533333191,0.322033898305084,0.33333333333333304
,Li,5.443386683333334,0.0,0.09090909090909001
,Li,5.085863810833331,0.0,0.15
,Li,0.8555944883333281,0.0,0.058823529411764004
,Li,-0.6983127599999921,0.33333333333333304,0.365079365079365
,Li,1.221144383333333,0.0,0.33333333333333304
,Li,3.76744912833333,0.0,0.14285714285714202
,Li,5.032981518333333,0.0,0.14285714285714202
,Li,3.726356205833345,0.2,0.25
,Li,3.8472558033333373,0.0,0.125
,Li,3.71962168333333,0.0,0.25
,Li,2.648988873333327,0.0,0.04
,Li,-0.04008736666667,0.0,0.066666666666666
,Li,2.037580983333332,0.0,0.2
,Li,0.30084118333333304,0.0,0.25
,Li,1.185891043333334,0.33333333333333304,0.5
,Li,3.9161017308333372,0.18181818181818102,0.25
,Li,2.254960033333337,0.2,0.33333333333333304
,Li,2.3212014033333372,0.0,0.043478260869565
,Li,3.044208789333332,0.0,0.2
,Li,4.06632266583333,0.0,0.058823529411764004
,Li,3.916154996666652,0.2,0.25
,Li,1.574718893333316,0.16666666666666602,0.2
,Li,2.95696950333333,0.13636363636363602,0.208333333333333
,Li,3.057566636666663,0.024390243902439,0.148936170212765
,Li,3.020091366666666,0.047619047619047006,0.16666666666666602
,Li,7.960389798333321,0.11764705882352901,0.16666666666666602
,Li,3.023072698333336,0.024390243902439,0.148936170212765
,Li,3.088902297333326,0.024390243902439,0.130434782608695
,Li,3.069231903333336,0.024390243902439,0.148936170212765
,Li,3.021255741666669,0.024390243902439,0.148936170212765
,Li,3.118528430833334,0.2,0.29411764705882304
,Li,4.390224110833334,0.18181818181818102,0.25
,Li,3.034782785833333,0.13636363636363602,0.208333333333333
,Li,5.488448513333329,0.16666666666666602,0.23076923076923
,Li,1.787483368333331,0.0,0.07142857142857101
,Li,3.377766573333322,0.09090909090909001,0.16666666666666602
,Li,-2.53556465166667,0.0,0.04
,Li,4.069228861666677,0.0,0.16666666666666602
,Li,3.524345443333349,0.09090909090909001,0.130434782608695
,Li,3.3488804233333442,0.0625,0.14285714285714202
,Li,3.380494713333324,0.047619047619047006,0.130434782608695
,Li,3.431894488333331,0.09090909090909001,0.16666666666666602
,Li,3.335814563333332,0.0625,0.14285714285714202
,Li,3.150046953333348,0.09090909090909001,0.130434782608695
,Li,3.638246673333308,0.14285714285714202,0.154929577464788
,Li,3.320173443333334,0.0625,0.14285714285714202
,Li,3.298350808333329,0.13636363636363602,0.208333333333333
,Li,3.369401980000006,0.09090909090909001,0.148936170212765
,Li,3.343617493333326,0.09090909090909001,0.148936170212765
,Li,3.717526005833339,0.18181818181818102,0.25
,Li,3.256433986666653,0.0625,0.14285714285714202
,Li,3.851255043333369,0.11764705882352901,0.14285714285714202
,Li,3.388955188333345,0.11111111111111101,0.148936170212765
,Li,3.3463172766666722,0.09090909090909001,0.130434782608695
,Li,3.367643939999997,0.09090909090909001,0.148936170212765
,Li,3.229155983333361,0.09090909090909001,0.130434782608695
,Li,4.018246928333371,0.11764705882352901,0.14285714285714202
,Li,3.308953346666674,0.09090909090909001,0.130434782608695
,Li,3.246165253333349,0.09090909090909001,0.130434782608695
,Li,3.3594804599999892,0.0625,0.14285714285714202
,Li,3.535761893333306,0.09090909090909001,0.130434782608695
,Li,3.4234136666666792,0.0625,0.14285714285714202
,Li,3.417985669999982,0.0625,0.14285714285714202
,Li,3.123069173333325,0.130434782608695,0.154929577464788
,Li,3.399665673333334,0.0625,0.14285714285714202
,Li,3.366902846666679,0.0625,0.14285714285714202
,Li,3.366735466666685,0.0625,0.14285714285714202
,Li,3.303371018333312,0.09090909090909001,0.14285714285714202
,Li,3.211087583333328,0.09090909090909001,0.130434782608695
,Li,3.369056593333328,0.11764705882352901,0.14285714285714202
,Li,3.385678368333335,0.047619047619047006,0.130434782608695
,Li,3.995948943333362,0.11764705882352901,0.14285714285714202
,Li,3.957408918333387,0.11764705882352901,0.14285714285714202
,Li,3.9530556283332903,0.11764705882352901,0.14285714285714202
,Li,4.960860693333398,0.14285714285714202,0.154929577464788
,Li,3.607138743333327,0.16666666666666602,0.23076923076923
,Li,4.763462073333347,0.11764705882352901,0.16666666666666602
,Li,3.100710723333326,0.16666666666666602,0.23076923076923
,Li,1.921587510833338,0.18181818181818102,0.25
,Li,2.311871773333341,0.18181818181818102,0.25
,Li,1.158541833333335,0.18181818181818102,0.25
,Li,2.7949190533333352,0.0,0.14285714285714202
,Li,1.964519548333332,0.0,0.055555555555555004
,Li,0.10950047333333801,0.0,0.14285714285714202
,Li,-1.361761446666671,0.0,0.09090909090909001
,Li,2.006046375833326,0.0,0.066666666666666
,Li,0.8058420233333311,0.0,0.041666666666666005
,Li,0.5860346433333391,0.0,0.07142857142857101
,Li,0.9128068733333281,0.0,0.043478260869565
,Li,1.019880263333339,0.0,0.0625
,Li,1.063341673333345,0.0,0.07142857142857101
,Li,0.9113540533333451,0.0,0.07142857142857101
,Li,2.868148813333339,0.0,0.08333333333333301
,Li,0.7468272533333261,0.0,0.07142857142857101
,Li,0.105792583333337,0.0,0.1
,Li,3.6887006133333142,0.0,0.038461538461538006
,Li,2.8005561133333052,0.0,0.011904761904761
,Li,-0.5981495966666961,0.0,0.052631578947368
,Li,0.373689893333339,0.0,0.09090909090909001
,Li,-1.156447816666679,0.0,0.043478260869565
,Li,4.622247368333324,0.0,0.05
,Li,1.928264973333289,0.0,0.025
,Li,1.506274298333328,0.0,0.030303030303030002
,Li,-0.360897756666669,0.0,0.11111111111111101
,Li,0.8029967033333321,0.0,0.09090909090909001
,Li,1.194740178333338,0.0,0.066666666666666
,Li,-0.684212846666663,0.0,0.052631578947368
,Li,1.51240237333332,0.0,0.030303030303030002
,Li,-0.17843602666666902,0.0,0.043478260869565
,Li,0.8567181233333411,0.0,0.043478260869565
,Li,1.919811713333335,0.0,0.09090909090909001
,Li,1.137226298333364,0.0,0.030303030303030002
,Li,-0.6557586966666611,0.0,0.066666666666666
,Li,1.924906933333322,0.056338028169014,0.08219178082191701
,Li,2.399042253333339,0.0,0.026315789473684
,Li,0.7967957133333331,0.0,0.5
,Li,1.103082123333327,0.0,0.066666666666666
,Li,4.435686993333332,0.0,0.14285714285714202
,Li,5.318367198333336,0.0,0.25
,Li,-1.9746546016666662,0.0,0.5
,Li,0.655929993333331,0.0,0.14285714285714202
,Li,-1.851908611666666,0.0,0.5
,Li,-0.114470766666665,0.33333333333333304,0.5
,Li,1.8402251133333372,0.5,0.533333333333333
,Li,5.019703478333331,0.0,0.055555555555555004
,Li,4.651876331666668,0.08333333333333301,0.21428571428571402
,Li,5.22502400833334,0.0,0.055555555555555004
,Li,4.94876443083334,0.0,0.055555555555555004
,Li,4.486409069999998,0.0,0.15
,Li,4.52483093583334,0.0,0.09090909090909001
,Li,5.537404483333337,0.0,0.055555555555555004
,Li,4.572135908333331,0.0,0.15
,Li,5.327481390833345,0.0,0.09090909090909001
,Li,4.727226083333339,0.0,0.0625
,Li,4.821789003333326,0.0,0.09090909090909001
,Li,5.003675554583329,0.038461538461538006,0.16666666666666602
,Li,4.553372516666669,0.0,0.15
,Li,4.609777187500001,0.069767441860465,0.183673469387755
,Li,5.240962243333347,0.0,0.055555555555555004
,Li,4.571734543333339,0.0,0.09090909090909001
,Li,5.414909803333344,0.0,0.078947368421052
,Li,5.646601353333328,0.0,0.055555555555555004
,Li,4.731703450833334,0.055555555555555004,0.15
,Li,4.802757833333335,0.0,0.09090909090909001
,Li,5.247425593333337,0.0,0.055555555555555004
,Li,5.565198173333332,0.0,0.055555555555555004
,Li,4.534812228333327,0.0,0.09090909090909001
,Li,3.051783667333341,0.0,0.125
,Li,-1.851409266666659,0.0,0.058823529411764004
,Li,4.135455683333338,0.0,0.125
,Li,1.347872483333337,0.0,0.043478260869565
,Li,2.584472010833334,0.0,0.105263157894736
,Li,1.469238773333335,0.0,0.055555555555555004
,Li,3.68470822833334,0.0,0.08333333333333301
,Li,4.039647758333335,0.0,0.1
,Li,4.247803598333296,0.0,0.023809523809523003
,Li,4.4233693333333735,0.0,0.023809523809523003
,Li,4.278306403333322,0.0,0.045454545454545005
,Li,-0.32154249416665903,0.0,0.09523809523809501
,Li,4.827031028333342,0.0,0.08333333333333301
,Li,2.035040893333335,0.0,0.1
,Li,2.546855383333331,0.0,0.1
,Li,-1.255334646666663,0.0,0.14285714285714202
,Li,2.080080543333328,0.0,0.1
,Li,2.5248188133333342,0.0,0.1
,Li,0.08440476333333201,0.0,0.14285714285714202
,Li,0.837677993333334,0.6666666666666661,0.75
,Li,4.671780723333346,0.045454545454545005,0.08695652173913
,Li,3.431611315833341,0.0,0.08695652173913
,Li,4.187993579583339,0.0,0.15384615384615302
,Li,4.13734773833333,0.0,0.125
,Li,4.36558580458333,0.0,0.18181818181818102
,Li,4.613743533333333,0.052631578947368,0.18181818181818102
,Li,4.527208838333341,0.0,0.08333333333333301
,Li,3.327131083333332,0.0,0.1
,Li,9.32297333083334,0.0,0.1
,Li,3.094986098333327,0.14285714285714202,0.18181818181818102
,Li,3.481595108333334,0.14285714285714202,0.25
,Li,3.933058480000004,0.0,0.08333333333333301
,Li,4.146515178333336,0.09090909090909001,0.23076923076923
,Li,4.517149250833332,0.148148148148148,0.206896551724137
,Li,4.224635900833339,0.09090909090909001,0.16666666666666602
,Li,2.098752479999997,0.052631578947368,0.18181818181818102
,Li,4.193080858333322,0.133333333333333,0.1875
,Li,3.350905183333314,0.068965517241379,0.12903225806451601
,Li,3.262815258333352,0.130434782608695,0.2
,Li,2.310693358333343,0.09090909090909001,0.16666666666666602
,Li,2.124115273333363,0.148148148148148,0.16363636363636302
,Li,3.420445794999996,0.0,0.125
,Li,1.972052863333322,0.0,0.04
,Li,1.836051948333339,0.0,0.07142857142857101
,Li,3.4642755383333292,0.0,0.07692307692307601
,Li,3.923507368333337,0.0,0.09090909090909001
,Li,3.608843395833337,0.08333333333333301,0.15384615384615302
,Li,3.312257166666666,0.0,0.16666666666666602
,Li,2.9474720533333323,0.09090909090909001,0.16666666666666602
,Li,3.293678609999997,0.0,0.16666666666666602
,Li,2.9192686033333333,0.0625,0.16666666666666602
,Li,3.018798304999993,0.0625,0.16666666666666602
,Li,3.295100668333337,0.0625,0.11764705882352901
,Li,4.624989623333339,0.09090909090909001,0.16666666666666602
,Li,4.101987503333338,0.09090909090909001,0.16666666666666602
,Li,3.9946198033333262,0.148148148148148,0.206896551724137
,Li,6.246201878333342,0.0,0.0625
,Li,2.933016733333322,0.0,0.038461538461538006
,Li,2.8762683283333152,0.0,0.038461538461538006
,Li,3.102241723333354,0.0,0.038461538461538006
,Li,3.221984448333335,0.0,0.038461538461538006
,Li,2.913314633333333,0.0,0.038461538461538006
,Li,3.720026075833336,0.0,0.15384615384615302
,Li,2.902156358333347,0.0,0.038461538461538006
,Li,3.224703233333334,0.0,0.08333333333333301
,Li,4.887855148333334,0.0,0.1
,Li,3.709184028333344,0.066666666666666,0.125
,Li,3.866276533333323,0.052631578947368,0.18181818181818102
,Li,3.996685070000007,0.052631578947368,0.18181818181818102
,Li,2.798012045833335,0.14285714285714202,0.25
,Li,3.072785998333321,0.08333333333333301,0.15384615384615302
,Li,3.640839159999998,0.052631578947368,0.18181818181818102
,Li,3.078690095833335,0.0,0.15384615384615302
,Li,3.27774806583334,0.0,0.125
,Li,2.535584836666689,0.0,0.08333333333333301
,Li,4.196211706666688,0.2,0.22727272727272702
,Li,4.735407600833331,0.09090909090909001,0.16666666666666602
,Li,3.731561593333343,0.130434782608695,0.2
,Li,4.105291463333329,0.09090909090909001,0.2
,Li,3.831658245833343,0.130434782608695,0.2
,Li,4.688630308333335,0.09090909090909001,0.16666666666666602
,Li,4.136623180000001,0.09090909090909001,0.2
,Li,4.40748721333333,0.09090909090909001,0.16666666666666602
,Li,3.820836932083335,0.09090909090909001,0.23076923076923
,Li,2.7176558683333423,0.16666666666666602,0.2
,Li,3.488504268333334,0.148148148148148,0.206896551724137
,Li,4.060498740833337,0.0,0.16666666666666602
,Li,2.168791773333329,0.16666666666666602,0.23076923076923
,Li,4.392236208333334,0.0,0.08695652173913
,Li,3.911643493333334,0.0,0.08333333333333301
,Li,1.7546238233333091,0.0,0.043478260869565
,Li,3.465166133333359,0.0,0.038461538461538006
,Li,3.653551888333337,0.0,0.15384615384615302
,Li,3.114832883333325,0.0,0.07692307692307601
,Li,3.204740440833338,0.0,0.07692307692307601
,Li,3.246949258333335,0.0,0.038461538461538006
,Li,4.428726200833343,0.0,0.1
,Li,4.055691703333332,0.052631578947368,0.18181818181818102
,Li,3.902936863333335,0.0,0.18181818181818102
,Li,3.7441871833333282,0.052631578947368,0.14285714285714202
,Li,4.789042105833322,0.17647058823529402,0.22222222222222202
,Li,4.325464949583339,0.15,0.22727272727272702
,Li,3.638080258333336,0.130434782608695,0.2
,Li,3.6768441908333322,0.09090909090909001,0.23076923076923
,Li,3.742693225000005,0.09090909090909001,0.2
,Li,3.869353735833333,0.09090909090909001,0.16666666666666602
,Li,3.830000455833333,0.09090909090909001,0.16666666666666602
,Li,3.541382243333335,0.130434782608695,0.2
,Li,3.88564301833333,0.148148148148148,0.206896551724137
,Li,4.264617193333334,0.0,0.16666666666666602
,Li,3.700962993333324,0.16666666666666602,0.23076923076923
,Li,4.15788013833333,0.0,0.038461538461538006
,Li,4.3980102208333465,0.1,0.18181818181818102
,Li,4.800974803333337,0.14285714285714202,0.18181818181818102
,Li,4.825231265833328,0.1,0.18181818181818102
,Li,4.956460857083341,0.09090909090909001,0.23076923076923
,Li,4.436482293333332,0.09090909090909001,0.16666666666666602
,Li,4.807225683333333,0.148148148148148,0.206896551724137
,Li,1.083587045833338,0.09090909090909001,0.23076923076923
,Li,2.7258338808333322,0.09090909090909001,0.23076923076923
,Li,4.251562798333329,0.0,0.14285714285714202
,Li,4.561429463333335,0.0,0.127272727272727
,Li,4.247998799999997,0.0,0.11842105263157801
,Li,3.92352143083333,0.0,0.14285714285714202
,Li,3.4006161533333352,0.1,0.25
,Li,3.3535030858333332,0.07692307692307601,0.25
,Li,4.162324638333328,0.0,0.14285714285714202
,Li,3.419366811666667,0.0,0.25
,Li,4.2334136645833365,0.0,0.14285714285714202
,Li,3.252980979583334,0.1,0.25
,Li,3.497715996666665,0.07692307692307601,0.25
,Li,3.414352073333328,0.0,0.13636363636363602
,Li,3.460040498333332,0.0,0.1
,Li,3.219440843333335,0.0,0.14285714285714202
,Li,2.740350369333332,0.0,0.172413793103448
,Li,4.33996152666667,0.0,0.15
,Li,2.921545058333327,0.0,0.14285714285714202
,Li,4.259802988333324,0.0,0.15
,Li,4.8985391620833285,0.0,0.105263157894736
,Li,3.111972105833335,0.0,0.1
,Li,3.021410403333324,0.0,0.1
,Li,4.831531363333345,0.0,0.027777777777777003
,Li,3.9347235658333273,0.0,0.14285714285714202
,Li,3.336725540833332,0.0,0.14285714285714202
,Li,3.587113140833328,0.0,0.14285714285714202
,Li,4.12442784833333,0.0,0.14285714285714202
,Li,3.4972674333333322,0.0,0.14285714285714202
,Li,3.792199145833334,0.0,0.14285714285714202
,Li,3.909648073333334,0.0,0.14285714285714202
,Li,4.01006557833333,0.0,0.14285714285714202
,Li,3.731875370833333,0.0,0.14285714285714202
,Li,2.008455756666667,0.14285714285714202,0.29411764705882304
,Li,3.384493700833329,0.0,0.14285714285714202
,Li,3.56281792,0.0,0.15
,Li,1.857661768333334,0.0,0.1
,Li,2.594836258333335,0.0,0.14285714285714202
,Li,3.779084815833333,0.2,0.25
,Li,3.60351943833334,0.2,0.25
,Li,3.555958013333328,0.2,0.25
,Li,2.8407774783333313,0.14285714285714202,0.29411764705882304
,Li,4.111951858333332,0.0,0.15
,Li,3.912725383333343,0.17391304347826,0.208333333333333
,Li,2.830299709166667,0.14285714285714202,0.29411764705882304
,Li,3.533949948333334,0.14285714285714202,0.25
,Li,3.683689068333333,0.0,0.14285714285714202
,Li,4.358844675833329,0.0,0.14285714285714202
,Li,3.132446093333333,0.0,0.14285714285714202
,Li,4.270554878333333,0.0,0.1
,Li,4.548315673333334,0.0,0.15
,Li,3.440588923333327,0.0,0.1
,Li,3.391094908333348,0.0,0.1
,Li,3.652284303333336,0.0,0.055555555555555004
,Li,2.249027318333323,0.5172413793103441,0.5483870967741931
,Li,-0.34881119666666505,0.0,0.25
,Li,2.645894980833334,0.28571428571428503,0.44444444444444403
,Li,3.867568693333346,0.16666666666666602,0.210526315789473
,Li,3.961170205833333,0.18181818181818102,0.25
,Li,3.054177015833329,0.461538461538461,0.533333333333333
,Li,4.059322523333336,0.0,0.25
,Li,4.045066633333332,0.0,0.25
,Li,2.965592918333333,0.28571428571428503,0.375
,Li,4.716005218333341,0.0,0.08333333333333301
,Li,2.359274233333335,0.0,0.14285714285714202
,Li,7.82456383833333,0.0,0.14285714285714202
,Li,2.105119911666667,0.14285714285714202,0.29411764705882304
,Li,3.305657543333343,0.0,0.105263157894736
,Li,4.068871911111113,0.0,0.11842105263157801
,Li,4.254333978888886,0.0,0.11842105263157801
,Li,3.8808024583333323,0.0,0.14285714285714202
,Li,3.713144153333336,0.0,0.2
,Li,4.722374733333344,0.0,0.08333333333333301
,Li,4.887051348333334,0.0,0.05
,Li,3.297318635833332,0.0,0.14285714285714202
,Li,2.403661015833333,0.0,0.14285714285714202
,Li,5.2703603833333315,0.0,0.09090909090909001
,Li,4.064203288333378,0.0,0.027777777777777003
,Li,4.01718268333335,0.0,0.058823529411764004
,Li,4.725379695833316,0.0,0.09090909090909001
,Li,4.124801530833328,0.055555555555555004,0.15
,Li,5.273146070833325,0.0,0.08333333333333301
,Li,4.244246139583329,0.0,0.105263157894736
,Li,3.444103373333338,0.0,0.08695652173913
,Li,5.379477678333336,0.0,0.08695652173913
,Li,4.873876513333333,0.0,0.09090909090909001
,Li,4.60104921333333,0.15384615384615302,0.21428571428571402
,Li,5.545836435833327,0.0,0.08695652173913
,Li,6.048912540833324,0.10714285714285701,0.16666666666666602
,Li,4.419891930833335,0.055555555555555004,0.15
,Li,4.636678618333325,0.0,0.09090909090909001
,Li,4.668038734999995,0.0,0.15
,Li,3.330665333333319,0.0,0.043478260869565
,Li,4.769492360833344,0.0,0.09090909090909001
,Li,2.921560348333334,0.0,0.14285714285714202
,Li,4.868894020833328,0.055555555555555004,0.15
,Li,4.462743378333333,0.15384615384615302,0.21428571428571402
,Li,5.179941748333339,0.0,0.055555555555555004
,Li,5.039170618333334,0.10714285714285701,0.16666666666666602
,Li,4.855683173333323,0.0,0.09090909090909001
,Li,4.745998995833338,0.055555555555555004,0.15
,Li,3.376979578333338,0.09090909090909001,0.16666666666666602
,Li,4.397781578333341,0.09090909090909001,0.16666666666666602
,Li,5.508993368333339,0.0,0.09090909090909001
,Li,5.227604518333326,0.0,0.055555555555555004
,Li,2.233531908333337,0.0,0.05
,Li,5.29517127583333,0.0,0.09090909090909001
,Li,4.779084660833338,0.055555555555555004,0.15
,Li,3.45681235166666,0.0,0.14285714285714202
,Li,5.676510653333314,0.0,0.055555555555555004
,Li,2.177492603333324,0.0,0.07142857142857101
,Li,4.536536193333338,0.2,0.25
,Li,2.6409069533333183,0.0,0.05
,Li,2.718822045833332,0.0,0.14285714285714202
,Li,4.210486925833327,0.0,0.125
,Li,4.350243368333342,0.09090909090909001,0.16666666666666602
,Li,3.740704845833339,0.0,0.05
,Li,4.9263211299999865,0.130434782608695,0.183673469387755
,Li,3.889024805208333,0.0,0.19047619047619002
,Li,3.560388010833326,0.0,0.07142857142857101
,Li,5.046225483333335,0.0,0.09090909090909001
,Li,2.958391203333332,0.0,0.14285714285714202
,Li,4.786344701904768,0.0,0.134615384615384
,Li,4.576399585833319,0.0,0.052631578947368
,Li,2.827416993333334,0.0,0.07142857142857101
,Li,3.182670688333336,0.0,0.0625
,Li,3.081063499999994,0.0,0.115384615384615
,Li,4.642824145833335,0.15384615384615302,0.21428571428571402
,Li,5.183528413333339,0.052631578947368,0.1
,Li,5.025058953333318,0.0,0.09090909090909001
,Li,2.4006511183333332,0.0,0.14285714285714202
,Li,3.023021308333331,0.07692307692307601,0.14285714285714202
,Li,2.8910217983333313,0.07692307692307601,0.14285714285714202
,Li,2.260967883333326,0.0,0.074074074074074
,Li,4.87632506333333,0.0,0.115384615384615
,Li,2.734278973333294,0.0,0.026315789473684
,Li,2.743773183333322,0.0,0.08695652173913
,Li,4.450076668333328,0.0,0.125
,Li,2.922433528333333,0.07692307692307601,0.14285714285714202
,Li,5.860501283333325,0.0,0.055555555555555004
,Li,5.105570794444441,0.0,0.115384615384615
,Li,5.7911895133332845,0.057142857142857,0.08333333333333301
,Li,5.052966770833327,0.0,0.07142857142857101
,Li,5.050816038333338,0.0,0.115384615384615
,Li,5.865637343333337,0.0,0.055555555555555004
,Li,5.9790891308333345,0.0,0.055555555555555004
,Li,3.046695470000007,0.07692307692307601,0.14285714285714202
,Li,2.950312588333337,0.07692307692307601,0.14285714285714202
,Li,4.068732118958334,0.0,0.22222222222222202
,Li,5.664740583333331,0.0,0.055555555555555004
,Li,3.163598613333339,0.0,0.15384615384615302
,Li,5.289534683333334,0.0,0.09090909090909001
,Li,4.5759102683333355,0.0,0.055555555555555004
,Li,2.757125870833339,0.0,0.07142857142857101
,Li,3.115055693333341,0.0,0.15
,Li,3.612151441904762,0.0,0.17073170731707302
,Li,2.6161262783333292,0.0,0.1
,Li,4.076617078333342,0.0,0.15
,Li,3.494505699999995,0.0,0.15
,Li,3.421769275000006,0.0,0.130434782608695
,Li,3.441415546666666,0.0,0.15
,Li,2.006413453333327,0.0,0.055555555555555004
,Li,4.123830350208334,0.0,0.15384615384615302
,Li,2.671860050833335,0.0,0.055555555555555004
,Li,5.324006900000019,0.0,0.08333333333333301
,Li,5.335018966666671,0.0,0.08333333333333301
,Li,3.828873129999995,0.0,0.08333333333333301
,Li,3.720638113333341,0.0,0.055555555555555004
,Li,4.344371253333333,0.0,0.14285714285714202
,Li,3.038073665833335,0.0,0.14285714285714202
,Li,3.080378533333335,0.0,0.14285714285714202
,Li,2.776187298333331,0.0,0.14285714285714202
,Li,3.466022953333333,0.0,0.14285714285714202
,Li,4.483505285833336,0.0,0.1
,Li,2.976786365833338,0.0,0.08
,Li,-0.220478096666677,0.0,0.08
,Li,3.489491773333331,0.08333333333333301,0.12
,Li,3.866116679583332,0.043478260869565,0.12
,Li,2.48751126333335,0.0625,0.11764705882352901
,Li,4.5288676533332755,0.22077922077922002,0.23076923076923
,Li,2.49710162333334,0.0,0.07692307692307601
,Li,0.982954025833327,0.0,0.09090909090909001
,Li,3.569911663333333,0.0,0.14285714285714202
,Li,3.192742925833334,0.0,0.14285714285714202
,Li,3.782646525833336,0.0,0.2
,Li,2.587910008333328,0.14285714285714202,0.25
,Li,2.507495562083332,0.0,0.25
,Li,1.0303544308333321,0.14285714285714202,0.25
,Li,1.219706813333336,0.2,0.25
,Li,3.861078073333336,0.0,0.066666666666666
,Li,2.3957092166666683,0.0,0.2
,Li,2.818198328333331,0.18181818181818102,0.25
,Li,1.441186686666663,0.14285714285714202,0.29411764705882304
,Li,2.881158423333336,0.0,0.14285714285714202
,Li,2.74814012833333,0.14285714285714202,0.25
,Li,2.9393551500000012,0.18181818181818102,0.25
,Li,2.090797828333341,0.09523809523809501,0.208333333333333
,Li,2.794746761333332,0.0,0.29411764705882304
,Li,3.946023313333332,0.0,0.14285714285714202
,Li,2.808192085833331,0.16666666666666602,0.25
,Li,3.15165943833333,0.14285714285714202,0.25
,Li,1.800871570000002,0.14285714285714202,0.29411764705882304
,Li,1.4976418749999991,0.14285714285714202,0.29411764705882304
,Li,1.553112971666663,0.14285714285714202,0.29411764705882304
,Li,1.566328898333329,0.14285714285714202,0.29411764705882304
,Li,2.985936183333333,0.1,0.25
,Li,3.112872958333338,0.14285714285714202,0.25
,Li,2.83081522,0.07692307692307601,0.25
,Li,2.6650029466666583,0.14285714285714202,0.25
,Li,3.04436367833333,0.0,0.14285714285714202
,Li,4.295765100833326,0.0,0.2
,Li,3.537951798333329,0.0,0.14285714285714202
,Li,3.700469580833332,0.0,0.2
,Li,1.94756167333333,0.0,0.09090909090909001
,Li,2.909581414166666,0.0,0.15
,Li,2.403157863333331,0.0,0.25
,Li,2.559675703333337,0.0,0.14285714285714202
,Li,2.934255043333327,0.0,0.1
,Li,2.612493850833336,0.0,0.058823529411764004
,Li,3.164047273333342,0.0,0.125
,Li,0.056556913333343006,0.0,0.07692307692307601
,Li,1.226253273333332,0.0,0.04
,Li,4.725122928333339,0.16666666666666602,0.28571428571428503
,Li,4.133573043333333,0.35714285714285704,0.4
,Li,4.283968123333335,0.11111111111111101,0.2
,Li,3.302111703333332,0.0,0.2
,Li,1.763873608333331,0.0,0.2
,Li,3.6114933333333332,0.0,0.052631578947368
,Li,5.134152133333335,0.0,0.125
,Li,2.849131690833336,0.0,0.1
,Li,3.7747406783333273,0.14285714285714202,0.25
,Li,2.976155723333325,0.14285714285714202,0.2
,Li,4.044285213333329,0.18181818181818102,0.25
,Li,3.920631173333337,0.210526315789473,0.25
,Li,4.244925613333327,0.2,0.25
,Li,3.331431138333319,0.0,0.1
,Li,3.693901858333331,0.0,0.14285714285714202
,Li,3.894659230833331,0.0,0.14285714285714202
,Li,3.732133335833336,0.0,0.14285714285714202
,Li,3.188895230833314,0.0,0.1
,Li,3.648902543333316,0.0,0.07692307692307601
,Li,4.968244016666674,0.0,0.07692307692307601
,Li,1.800780143333331,0.0,0.2
,Li,2.896567945833337,0.1,0.18181818181818102
,Li,2.8552934733333233,0.39130434782608703,0.416666666666666
,Li,2.601791143333334,0.0,0.052631578947368
,Li,1.777110983333334,0.0,0.05
,Li,2.528926413333331,0.0,0.125
,Li,0.171586473333353,0.0,0.035714285714285005
,Li,3.922914823333333,0.0,0.07142857142857101
,Li,3.246507393333336,0.0,0.014285714285714
,Li,3.312582793333324,0.0,0.035714285714285005
,Li,3.492479408333342,0.041666666666666005,0.061224489795918005
,Li,1.130118613333313,0.0,0.035714285714285005
,Li,3.667690723333327,0.0,0.09523809523809501
,Li,3.6265140658333372,0.0,0.09523809523809501
,Li,3.753400058333331,0.0,0.1
,Li,3.39711629333333,0.0,0.18181818181818102
,Li,3.316603785833334,0.0,0.25
,Li,3.981817878333335,0.210526315789473,0.25
,Li,3.275343688333341,0.05,0.13636363636363602
,Li,3.329249773333335,0.2,0.25
,Li,4.251077828333334,0.0,0.14285714285714202
,Li,4.128801940833331,0.0,0.14285714285714202
,Li,4.905423368333334,0.0,0.105263157894736
,Li,3.864876450833333,0.0,0.14285714285714202
,Li,3.737699760833327,0.0,0.1
,Li,3.5235645473333292,0.0,0.172413793103448
,Li,0.89861959833333,0.0,0.055555555555555004
,Li,3.987912588333334,0.0,0.14285714285714202
,Li,3.730421058333324,0.0,0.1
,Li,2.045860248333331,0.0,0.07692307692307601
,Li,2.038119293333328,0.0,0.07692307692307601
,Li,2.31218372583334,0.0,0.066666666666666
,Li,3.361940703333322,0.0,0.05
,Li,3.804458318333336,0.17391304347826,0.208333333333333
,Li,3.681126523333337,0.2,0.25
,Li,2.674010633333343,0.0,0.1
,Li,3.106870914583333,0.0,0.2
,Li,3.592066195833334,0.0,0.33333333333333304
,Li,4.528884603333332,0.0,0.14285714285714202
,Li,4.066457303333327,0.0,0.14285714285714202
,Li,2.8554134833333342,0.25,0.33333333333333304
,Li,3.000944633333334,0.0,0.2
,Li,3.94104168333333,0.0,0.25
,Li,1.5891564283333361,0.5454545454545451,0.583333333333333
,Li,4.576391703333331,0.0,0.25
,Li,2.569628238333329,0.30769230769230704,0.4
,Li,3.825006468333346,0.0,0.05
,Li,4.465714708333334,0.0,0.14285714285714202
,Li,3.176260728333337,0.14285714285714202,0.25
,Li,1.849812583333336,0.16666666666666602,0.23076923076923
,Li,3.624041698333333,0.0,0.133333333333333
,Li,3.2802769733333332,0.14285714285714202,0.25
,Li,3.020763838333335,0.14285714285714202,0.25
,Li,4.5977199933333335,0.0,0.0625
,Li,3.897436908333337,0.0,0.05
,Li,5.297668323333346,0.055555555555555004,0.105263157894736
,Li,3.894207785833331,0.0,0.25
,Li,4.369800118333335,0.041666666666666005,0.115384615384615
,Li,4.369306513333346,0.0,0.05
,Li,5.622362423333332,0.0,0.07142857142857101
,Li,4.134247705833329,0.0,0.14285714285714202
,Li,4.20340947583333,0.0,0.08695652173913
,Li,4.011077263333331,0.0,0.14285714285714202
,Li,4.623748413333335,0.09090909090909001,0.16666666666666602
,Li,1.981381168333333,0.0,0.058823529411764004
,Li,4.488490435833332,0.21428571428571402,0.266666666666666
,Li,3.766329345833331,0.21428571428571402,0.3125
,Li,4.594594686666672,0.0,0.14285714285714202
,Li,4.701168628333339,0.055555555555555004,0.105263157894736
,Li,5.397232808333347,0.055555555555555004,0.105263157894736
,Li,4.207897683333333,0.0,0.109090909090909
,Li,3.754330863333334,0.21428571428571402,0.3125
,Li,3.782470303333331,0.14285714285714202,0.25
,Li,3.7464352983333282,0.0,0.045454545454545005
,Li,4.407747668333319,0.055555555555555004,0.105263157894736
,Li,4.597614239333329,0.0,0.106382978723404
,Li,3.53300560833333,0.0,0.133333333333333
,Li,2.595427523333346,0.0,0.045454545454545005
,Li,3.637513603333336,0.0,0.14285714285714202
,Li,3.081315103333328,0.0,0.14285714285714202
,Li,3.450589888333337,0.0,0.14285714285714202
,Li,2.804097548333328,0.0,0.14285714285714202
,Li,3.244210575833333,0.0,0.14285714285714202
,Li,2.782789813333342,0.0,0.1
,Li,3.685651848333335,0.0,0.15
,Li,1.432580653333336,0.0,0.066666666666666
,Li,4.8235295252083334,0.0,0.105263157894736
,Li,4.024735674999997,0.0,0.15
,Li,4.1813858125,0.0,0.15
,Li,3.310289265833337,0.105263157894736,0.15
,Li,3.575054178333329,0.22222222222222202,0.30000000000000004
,Li,3.956962868333339,0.0,0.08
,Li,3.217477353333326,0.0,0.1
,Li,3.471248049999999,0.0,0.15
,Li,2.7089608733333432,0.2,0.25
,Li,3.652500228333335,0.0,0.14285714285714202
,Li,3.7300482533333272,0.0,0.14285714285714202
,Li,3.996038413333283,0.132530120481927,0.14285714285714202
,Li,3.739597373333343,0.055555555555555004,0.15
,Li,2.59489247833334,0.0,0.1
,Li,3.48175238833333,0.0,0.14285714285714202
,Li,1.788751978333333,0.0,0.25
,Li,2.006932327083331,0.0,0.140350877192982
,Li,0.9469528733333351,0.0,0.066666666666666
,Li,-0.016806966666673,0.0,0.07692307692307601
,Li,-0.023824091666667,0.0,0.25
,Li,0.146743223333335,0.0,0.066666666666666
,Li,0.36865653333334003,0.0,0.04
,Li,-0.136522691666665,0.0,0.25
,Li,3.461439773333332,0.0,0.2
,Li,5.475817033333333,0.22222222222222202,0.30000000000000004
,Li,6.230379483333334,0.125,0.22222222222222202
,Li,3.307909273333333,0.16666666666666602,0.28571428571428503
,Li,3.366988983333333,0.16666666666666602,0.28571428571428503
,Li,3.153068693333328,0.16666666666666602,0.28571428571428503
,Li,3.6041854233333313,0.16666666666666602,0.28571428571428503
,Li,3.2466444766666642,0.0,0.2
,Li,3.735470313333327,0.16666666666666602,0.28571428571428503
,Li,3.590762195833332,0.0,0.133333333333333
,Li,2.5714668008333392,0.28571428571428503,0.375
,Li,3.125666943333333,0.0,0.0625
,Li,3.149515881666667,0.08333333333333301,0.266666666666666
,Li,4.889853933333332,0.0,0.055555555555555004
,Li,2.668538583333334,0.28571428571428503,0.375
,Li,3.522053267333335,0.0,0.17857142857142802
,Li,3.170032603333315,0.0,0.04
,Li,2.570995223333345,0.0,0.052631578947368
,Li,2.750019168333328,0.33333333333333304,0.4
,Li,4.668649563333337,0.0,0.055555555555555004
,Li,3.662172166666668,0.0,0.15
,Li,2.315727533333334,0.0,0.1
,Li,3.197354023333337,0.0,0.05
,Li,2.987245803333327,0.5,0.533333333333333
,Li,5.605890898333333,0.0,0.08333333333333301
,Li,1.9156629000000052,0.0,0.15
,Li,2.668171378333331,0.28571428571428503,0.375
,Li,4.665271138333336,0.0,0.125
,Li,3.6366483033333212,0.0,0.04
,Li,2.8262655033333433,0.36363636363636304,0.416666666666666
,Li,3.291826878333336,0.461538461538461,0.533333333333333
,Li,3.2404616558333332,0.0,0.14285714285714202
,Li,2.796471663333339,0.0,0.07692307692307601
,Li,2.754838700833329,0.36363636363636304,0.416666666666666
,Li,3.129595030000004,0.0,0.15
,Li,3.467460820833328,0.0,0.148148148148148
,Li,2.077915153333326,0.0,0.04
,Li,3.516374020000005,0.0,0.15
,Li,3.579382033333336,0.0,0.04
,Li,-1.042651346666668,0.0,0.05
,Li,3.57038111333333,0.0,0.21428571428571402
,Li,16.123655613333373,0.0,0.04
,Li,3.146241033333337,0.14285714285714202,0.25
,Li,2.6866881683333372,0.08333333333333301,0.15384615384615302
,Li,2.8739477458333322,0.14285714285714202,0.25
,Li,2.792892350833338,0.14285714285714202,0.25
,Li,4.67958152333334,0.243243243243243,0.30000000000000004
,Li,3.285240055333331,0.09090909090909001,0.210526315789473
,Li,2.962059718333347,0.0,0.133333333333333
,Li,2.030992473333332,0.14285714285714202,0.2
,Li,4.710699348333326,0.07692307692307601,0.14285714285714202
,Li,2.867956095833333,0.14285714285714202,0.25
,Li,2.457523452083334,0.14285714285714202,0.25
,Li,5.099306877083326,0.0,0.1
,Li,1.9058497633333271,0.14285714285714202,0.18181818181818102
,Li,4.238209680833337,0.07692307692307601,0.162790697674418
,Li,2.821536255833334,0.14285714285714202,0.25
,Li,3.9825005970833343,0.0,0.25
,Li,5.932806643333333,0.22077922077922002,0.23076923076923
,Li,2.993815778333332,0.14285714285714202,0.25
,Li,3.404060043333335,0.2,0.25
,Li,4.541901675833334,0.043478260869565,0.12
,Li,2.661506513333333,0.16666666666666602,0.25
,Li,2.056088348333337,0.14285714285714202,0.25
,Li,2.221538383333329,0.2,0.25
,Li,3.885621998333331,0.0,0.14285714285714202
,Li,3.307799478333334,0.0,0.14285714285714202
,Li,2.644786933333326,0.11111111111111101,0.2
,Li,0.9400129433333331,0.0,0.066666666666666
,Li,2.159298630833331,0.14285714285714202,0.25
,Li,3.207187718333334,0.0,0.25
,Li,2.551506103333328,0.2,0.25
,Li,3.136112813333329,0.0,0.125
,Li,3.442740968333344,0.14285714285714202,0.2
,Li,2.305804499999998,0.18181818181818102,0.25
,Li,2.806414293333337,0.18181818181818102,0.25
,Li,2.922943623333329,0.2,0.25
,Li,3.307200895833336,0.11764705882352901,0.210526315789473
,Li,3.073568223333336,0.0,0.14285714285714202
,Li,2.336102378333334,0.14285714285714202,0.25
,Li,2.264412493333329,0.16666666666666602,0.25
,Li,2.694591148333335,0.14285714285714202,0.2
,Li,2.564797153333335,0.16666666666666602,0.25
,Li,3.397234863333328,0.0,0.14285714285714202
,Li,3.7652530300000002,0.0,0.15
,Li,2.652260705833332,0.15,0.19047619047619002
,Li,2.73139486333334,0.18181818181818102,0.25
,Li,2.360165378333332,0.0,0.14285714285714202
,Li,2.732292303333342,0.2,0.25
,Li,2.509468978333335,0.17391304347826,0.208333333333333
,Li,3.417397566666669,0.18181818181818102,0.25
,Li,2.879556903333328,0.2,0.25
,Li,2.778103846666664,0.14285714285714202,0.25
,Li,3.439212333333334,0.0,0.08333333333333301
,Li,2.658499533333331,0.2,0.25
,Li,1.9226859533333331,0.0,0.066666666666666
,Li,0.517882533333339,0.0,0.066666666666666
,Li,2.3785368483333342,0.0,0.18181818181818102
,Li,1.846232270833334,0.0,0.25
,Li,1.436271618333333,0.5,0.5454545454545451
,Li,1.003145033333333,0.25,0.4
,Li,2.032004003333331,0.0,0.07142857142857101
,Li,1.8523796433333122,0.0,0.052631578947368
,Li,1.533470033333349,0.0,0.05
,Li,2.873106460833331,0.14285714285714202,0.25
,Li,2.020685323333343,0.0,0.052631578947368
,Li,3.371984699166674,0.0,0.15
,Li,5.022759379583332,0.0,0.14285714285714202
,Li,3.355243983333328,0.125,0.22222222222222202
,Li,3.465082243333339,0.125,0.22222222222222202
,Li,3.305298013333332,0.125,0.22222222222222202
,Li,3.464248095833331,0.0,0.1
,Li,1.378517543333321,0.0,0.04
,Li,0.64112883333333,0.0,0.052631578947368
,Li,1.8565922833333321,0.0,0.11111111111111101
,Li,-0.9794302016666611,0.0,0.11111111111111101
,Li,3.094365248333337,0.0,0.052631578947368
,Li,3.519108802083328,0.0,0.2
,Li,3.131206683333336,0.14285714285714202,0.2
,Li,4.351617578333337,0.074074074074074,0.137931034482758
,Li,3.443145730833326,0.0,0.08333333333333301
,Li,3.985717240833321,0.0,0.11111111111111101
,Li,3.324273198333334,0.058823529411764004,0.157894736842105
,Li,-2.235022816666666,0.0,0.058823529411764004
,Li,4.312993505833337,0.0,0.105263157894736
,Li,3.7725933683333372,0.055555555555555004,0.105263157894736
,Li,4.629674714583328,0.0,0.12121212121212101
,Li,4.294891955833326,0.0,0.041666666666666005
,Li,4.465767995833336,0.0,0.06451612903225801
,Li,2.806526983333332,0.0,0.11111111111111101
,Li,2.31432435333333,0.0,0.11111111111111101
,Li,2.554750473333328,0.038461538461538006,0.137931034482758
,Li,5.334166028333333,0.0,0.11111111111111101
,Li,3.131276643333334,0.0,0.11111111111111101
,Li,4.149480028333333,0.04,0.11111111111111101
,Li,15.549063130833334,0.04,0.11111111111111101
,Li,4.109640574999999,0.04,0.14285714285714202
,Li,3.7081659633333333,0.0,0.137931034482758
,Li,4.110077793333336,0.04,0.11111111111111101
,Li,2.479366997083336,0.0,0.2
,Li,4.201950488333328,0.04,0.11111111111111101
,Li,3.921301188333335,0.07692307692307601,0.11111111111111101
,Li,3.561756173333326,0.05,0.13636363636363602
,Li,-0.095044291666664,0.0,0.25
,Li,-0.136044116666648,0.0,0.043478260869565
,Li,-2.016105271666666,0.0,0.5
,Li,3.477184883333341,0.0,0.03125
,Li,2.435533045833332,0.0,0.2
,Li,2.019857713333327,0.11111111111111101,0.2
,Li,1.7126599058333352,0.0,0.22222222222222202
,Li,1.7086677133333381,0.17647058823529402,0.33333333333333304
,Li,-0.44425008666666504,0.0,0.047619047619047006
,Li,1.399390608333353,0.0,0.04
,Li,1.99899552333336,0.0,0.052631578947368
,Li,3.421978100833333,0.22222222222222202,0.30000000000000004
,Li,1.25361043333334,0.0625,0.07692307692307601
,Li,1.9026129733333381,0.0,0.09090909090909001
,Li,1.427904593333328,0.0,0.038461538461538006
,Li,-0.493983396666666,0.0,0.16666666666666602
,Li,1.716712118333338,0.0,0.07142857142857101
,Li,4.675377400833331,0.0,0.08333333333333301
,Li,3.481994750833341,0.0,0.07142857142857101
,Li,3.5251575358333342,0.0,0.07142857142857101
,Li,3.233920903333289,0.0,0.041666666666666005
,Li,4.52768294833334,0.0,0.07142857142857101
,Li,2.586974783333336,0.0,0.1
,Li,0.413482210833341,0.22727272727272702,0.260869565217391
,Li,3.7286557133333,0.028571428571428,0.055555555555555004
,Li,2.08672927333331,0.055555555555555004,0.072727272727272
,Li,1.984379983333331,0.07142857142857101,0.093023255813953
,Li,1.924558619999994,0.11111111111111101,0.16666666666666602
,Li,4.298855493333339,0.0,0.07142857142857101
,Li,-1.055460346666673,0.0,0.047619047619047006
,Li,-1.270849651666668,0.0,0.14285714285714202
,Li,0.8552971958333491,0.22727272727272702,0.260869565217391
,Li,3.842117716491224,0.116883116883116,0.291666666666666
,Li,3.681587303333334,0.0,0.1
,Li,1.122824583333345,0.0,0.05
,Li,0.916514308333323,0.026315789473684,0.075
,Li,2.293484823333334,0.0,0.05
,Li,-0.268575361666665,0.0,0.25
,Li,3.689018643333331,0.0,0.07142857142857101
,Li,0.6131556933333321,0.0,0.25
,Li,3.8209149283333352,0.14285714285714202,0.25
,Li,3.645868066666669,0.0,0.1875
,Li,3.784667343333334,0.133333333333333,0.25
,Li,1.540960283333338,0.074074074074074,0.10714285714285701
,Li,2.823112279999998,0.027397260273972,0.06578947368421001
,Li,0.42241541333333205,0.0,0.25
,Li,0.279580573333334,0.0,0.25
,Li,-0.40290990666666704,0.33333333333333304,0.5
,Li,0.7578930733333331,0.0,0.5
,Li,0.13298543333332902,0.5454545454545451,0.583333333333333
,Li,1.137442738333324,0.19047619047619002,0.260869565217391
,Li,4.07378834083335,0.0,0.0625
,Li,3.35283063333333,0.0,0.08333333333333301
,Li,2.908053188333331,0.0,0.041666666666666005
,Li,3.453628375833337,0.0,0.1
,Li,1.296598040833321,0.14285714285714202,0.25
,Li,3.000005838333327,0.0,0.15
,Li,3.679167843333336,0.0,0.14285714285714202
,Li,3.885424353333334,0.0,0.15
,Li,2.250773760833337,0.0,0.14285714285714202
,Li,4.6994655033333474,0.0,0.105263157894736
,Li,3.324719718333331,0.14285714285714202,0.25
,Li,4.354066903333352,0.210526315789473,0.25
,Li,3.810892753333338,0.14285714285714202,0.25
,Li,3.603389043333334,0.0,0.25
,Li,3.462582658333336,0.0,0.18181818181818102
,Li,3.978176190833328,0.0,0.18181818181818102
,Li,3.201150853333335,0.14285714285714202,0.2
,Li,1.404447148333323,0.14285714285714202,0.2
,Li,4.714856519583333,0.0,0.14285714285714202
,Li,4.020916359583336,0.0,0.14285714285714202
,Li,3.228568393333333,0.0,0.1875
,Li,3.670270228333327,0.18181818181818102,0.25
,Li,3.379426958333331,0.1,0.25
,Li,2.97703724833335,0.17391304347826,0.208333333333333
,Li,3.8871196833333292,0.13636363636363602,0.208333333333333
,Li,4.6047918833333314,0.0,0.14285714285714202
,Li,4.107401003333345,0.0,0.1
,Li,3.759833933333344,0.0,0.1
,Li,4.036426480833332,0.0,0.14285714285714202
,Li,4.259741828333337,0.0,0.14285714285714202
,Li,4.963822425833332,0.0,0.105263157894736
,Li,4.603012318333332,0.0,0.14285714285714202
,Li,4.575442473333344,0.15,0.17073170731707302
,Li,3.675396595833324,0.0,0.1
,Li,3.675562125833342,0.0,0.1
,Li,4.100766288333337,0.0,0.1
,Li,3.9747953808333323,0.0,0.1
,Li,4.182798375833333,0.0,0.14285714285714202
,Li,2.457406735000001,0.14285714285714202,0.29411764705882304
,Li,2.578682458333337,0.0,0.1
,Li,4.73399644047618,0.09523809523809501,0.18571428571428503
,Li,3.263265778333331,0.0,0.25
,Li,2.747755983333339,0.2,0.25
,Li,2.376154228333332,0.0,0.4
,Li,3.519498403333334,0.22727272727272702,0.291666666666666
,Li,1.963783213333333,0.5,0.5454545454545451
,Li,3.215432392083333,0.0625,0.25
,Li,2.7667234423333342,0.0,0.29411764705882304
,Li,3.324037740833329,0.18181818181818102,0.25
,Li,3.15127609333333,0.0,0.25
,Li,3.342295863333338,0.0,0.05
,Li,3.621451063333334,0.185185185185185,0.3125
,Li,4.515828204999996,0.0,0.113207547169811
,Li,4.5267607633333045,0.115384615384615,0.132075471698113
,Li,3.219012367333333,0.148148148148148,0.28125
,Li,2.824517153333332,0.0,0.1875
,Li,3.204278048717946,0.052631578947368,0.228571428571428
,Li,2.866596321333331,0.21428571428571402,0.33333333333333304
,Li,4.577147888333333,0.0,0.14285714285714202
,Li,3.9120125833333472,0.032258064516129004,0.130434782608695
,Li,3.331042120833335,0.0,0.07692307692307601
,Li,3.665036873333335,0.0,0.25
,Li,3.228756005555553,0.0,0.128571428571428
,Li,4.81353371083333,0.105263157894736,0.19047619047619002
,Li,1.817730463333338,0.521739130434782,0.56
,Li,1.238128904912279,0.020408163265306003,0.09090909090909001
,Li,1.925695590833336,0.210526315789473,0.347826086956521
,Li,3.327431433333328,0.0,0.14285714285714202
,Li,4.32901753111111,0.0,0.160714285714285
,Li,3.150337450833334,0.0,0.25
,Li,4.666702540000003,0.28888888888888803,0.33333333333333304
,Li,3.8565676177777832,0.0,0.128571428571428
,Li,2.8579076608333382,0.05,0.208333333333333
,Li,2.167213594999999,0.0,0.33333333333333304
,Li,3.413455173971626,0.034482758620689,0.18181818181818102
,Li,3.7464543333333222,0.0,0.14285714285714202
,Li,3.376437088333323,0.0,0.05
,Li,5.409895708333342,0.0,0.08695652173913
,Li,3.967335698333333,0.0,0.026315789473684
,Li,4.188218449761909,0.0,0.147368421052631
,Li,-0.7737872972916571,0.0,0.14285714285714202
,Li,4.327931088333334,0.0,0.07142857142857101
,Li,3.707587988333334,0.0,0.14285714285714202
,Li,3.797607483333341,0.0,0.14285714285714202
,Li,4.965640293333328,0.0,0.07142857142857101
,Li,4.052284408333326,0.09090909090909001,0.16666666666666602
,Li,3.363426568333328,0.0,0.05
,Li,5.438288473333335,0.0,0.055555555555555004
,Li,4.546071956666669,0.0,0.14285714285714202
,Li,4.711667403333341,0.0,0.05
,Li,4.897374787499998,0.069767441860465,0.183673469387755
,Li,3.86162499770833,0.055555555555555004,0.22727272727272702
,Li,3.900206260833333,0.0,0.14285714285714202
,Li,4.536827918333333,0.0,0.09090909090909001
,Li,4.234417403333329,0.0,0.14285714285714202
,Li,4.150598373888897,0.0,0.206896551724137
,Li,5.161204413333398,0.055555555555555004,0.081081081081081
,Li,4.000639058333339,0.0,0.16666666666666602
,Li,4.447853668333356,0.0,0.05
,Li,5.407387925833338,0.0,0.09090909090909001
,Li,4.017643297333335,0.0,0.22727272727272702
,Li,4.051171003333342,0.09090909090909001,0.16666666666666602
,Li,4.026647520833333,0.0,0.16666666666666602
,Li,4.485987513333332,0.0,0.023809523809523003
,Li,4.06187906833333,0.0,0.07692307692307601
,Li,4.497210830833329,0.055555555555555004,0.15
,Li,4.879427273333339,0.0,0.09090909090909001
,Li,4.367286768333376,0.0,0.027777777777777003
,Li,4.869061945833356,0.0,0.05
,Li,4.206166843333325,0.0,0.14285714285714202
,Li,4.764521593333318,0.055555555555555004,0.105263157894736
,Li,5.18018951833334,0.08333333333333301,0.15384615384615302
,Li,4.095810958333321,0.0,0.05
,Li,4.247790099583331,0.0,0.16666666666666602
,Li,4.041787503333329,0.21428571428571402,0.266666666666666
,Li,3.943506073333329,0.09090909090909001,0.16666666666666602
,Li,4.163795528333343,0.07692307692307601,0.14285714285714202
,Li,3.994505840833317,0.0,0.08695652173913
,Li,4.71563363333333,0.0,0.07142857142857101
,Li,4.493124225833331,0.08333333333333301,0.21428571428571402
,Li,4.595243854583328,0.08333333333333301,0.21428571428571402
,Li,4.307593643333338,0.0,0.14285714285714202
,Li,4.7548467473333345,0.047619047619047006,0.148936170212765
,Li,4.9129216308333294,0.055555555555555004,0.105263157894736
,Li,4.439181300833344,0.0,0.09090909090909001
,Li,4.989347755833326,0.0,0.07142857142857101
,Li,5.404884023333329,0.0,0.055555555555555004
,Li,4.239662735833325,0.0,0.08695652173913
,Li,5.499462983333335,0.08333333333333301,0.21428571428571402
,Li,4.240917493333318,0.0,0.058823529411764004
,Li,3.9772598383333433,0.07692307692307601,0.14285714285714202
,Li,4.027959809583334,0.0,0.16666666666666602
,Li,4.689458235833332,0.0,0.09090909090909001
,Li,5.113220223333319,0.0,0.055555555555555004
,Li,3.197402790833341,0.0,0.14285714285714202
,Li,4.318775325833333,0.0,0.14285714285714202
,Li,3.74341100958333,0.0,0.108108108108108
,Li,5.3289678600000014,0.0,0.115384615384615
,Li,5.41454916583334,0.055555555555555004,0.105263157894736
,Li,4.475758013333338,0.15384615384615302,0.21428571428571402
,Li,4.124118988333355,0.07692307692307601,0.14285714285714202
,Li,4.816141371666669,0.0,0.115384615384615
,Li,3.600855243333318,0.0,0.05
,Li,4.432370943333329,0.0,0.0625
,Li,3.676581288333342,0.0,0.07142857142857101
,Li,4.020357123333345,0.0,0.14285714285714202
,Li,4.291784965833334,0.041666666666666005,0.17857142857142802
,Li,3.700166015000002,0.0,0.109090909090909
,Li,4.053939513333332,0.0,0.115384615384615
,Li,4.38721299333334,0.0,0.0625
,Li,4.109094549583337,0.0,0.16666666666666602
,Li,4.569194618333346,0.0,0.105263157894736
,Li,4.704670653333328,0.0,0.105263157894736
,Li,3.8615735220833303,0.0,0.16666666666666602
,Li,3.479499762083326,0.15,0.22727272727272702
,Li,4.633391458333325,0.066666666666666,0.125
,Li,4.50240873333333,0.0,0.07142857142857101
,Li,3.840762836666667,0.0,0.14285714285714202
,Li,4.732444263333325,0.2,0.25
,Li,3.965911017083333,0.0,0.16666666666666602
,Li,4.001296423333334,0.0,0.16666666666666602
,Li,3.492629453333326,0.0,0.07142857142857101
,Li,3.517563238333328,0.0,0.14285714285714202
,Li,5.059318233333333,0.0,0.16666666666666602
,Li,9.739165803333384,0.0,0.03125
,Li,3.4066562333333312,0.081081081081081,0.15
,Li,3.8882881633333333,0.0,0.14285714285714202
,Li,4.608270325833335,0.07692307692307601,0.14285714285714202
,Li,5.078652138333345,0.066666666666666,0.125
,Li,3.660773034583333,0.0,0.16666666666666602
,Li,3.460639153333322,0.0,0.044444444444444
,Li,3.588491035833333,0.0,0.1
,Li,3.799085253333391,0.052631578947368,0.07692307692307601
,Li,3.8804224720833362,0.0,0.16666666666666602
,Li,3.613919270833325,0.0,0.1
,Li,3.519470478333321,0.052631578947368,0.07692307692307601
,Li,3.4329829233333022,0.052631578947368,0.07692307692307601
,Li,3.5844677483333562,0.052631578947368,0.07692307692307601
,Li,3.324190938333321,0.0,0.097560975609756
,Li,2.386426878333329,0.0,0.11111111111111101
,Li,3.106594598333328,0.0,0.14285714285714202
,Li,3.908013398333333,0.0,0.15
,Li,4.706164064583338,0.0,0.105263157894736
,Li,3.076132053333329,0.0,0.1
,Li,3.2091327395833362,0.0,0.14285714285714202
,Li,2.61318692583333,0.0,0.14285714285714202
,Li,4.116925795,0.0,0.15
,Li,4.81758314708333,0.0,0.105263157894736
,Li,3.3446483333333292,0.0,0.1
,Li,0.8312120333333199,0.19047619047619002,0.20930232558139503
,Li,4.78983663708333,0.0,0.105263157894736
,Li,2.277860873333343,0.0,0.027777777777777003
,Li,2.607301638333336,0.0,0.14285714285714202
,Li,3.876779854583338,0.0,0.19047619047619002
,Li,2.769210095833334,0.0,0.14285714285714202
,Li,3.4087186483333523,0.15,0.19047619047619002
,Li,3.7684229483333382,0.0,0.15
,Li,4.033616751666665,0.0,0.130434782608695
,Li,3.706104261666671,0.055555555555555004,0.19047619047619002
,Li,3.118112198333333,0.0,0.14285714285714202
,Li,4.475340059999993,0.0,0.15
,Li,3.479948228333318,0.15,0.19047619047619002
,Li,3.465227093333329,0.0,0.14285714285714202
,Li,3.325250495833335,0.0,0.1
,Li,3.965019638333335,0.0,0.15
,Li,2.409143143333328,0.0,0.1
,Li,3.37340196833333,0.105263157894736,0.19047619047619002
,Li,3.070848658333337,0.0,0.1
,Li,3.673914541666661,0.0,0.15
,Li,4.66860307333332,0.0,0.066666666666666
,Li,5.108003853333348,0.0,0.08333333333333301
,Li,4.341158590833349,0.0,0.055555555555555004
,Li,4.586267418333333,0.0,0.105263157894736
,Li,4.2542656233333584,0.0,0.055555555555555004
,Li,4.422175728333333,0.08333333333333301,0.15384615384615302
,Li,5.296113933333335,0.0,0.08333333333333301
,Li,3.094801727083333,0.0,0.25
,Li,3.9036405158333283,0.0,0.14285714285714202
,Li,3.900845125833339,0.0,0.14285714285714202
,Li,2.690329913333333,0.18181818181818102,0.25
,Li,3.617242846666674,0.0,0.15
,Li,3.647356953333333,0.0,0.14285714285714202
,Li,3.155272040833329,0.0,0.14285714285714202
,Li,4.140255915333329,0.0,0.11904761904761901
,Li,3.8308002083333332,0.0,0.09523809523809501
,Li,3.8219092658333462,0.23076923076923,0.28571428571428503
,Li,3.1748533633333382,0.0,0.18181818181818102
,Li,4.175312823333319,0.2,0.25
,Li,4.104373148333342,0.2,0.25
,Li,3.196446490833335,0.0,0.15384615384615302
,Li,5.04008284083334,0.0,0.0625
,Li,3.961298523333316,0.2,0.25
,Li,3.998338128333334,0.2,0.25
,Li,4.022318893333339,0.2,0.25
,Li,3.9611435533333332,0.2,0.25
,Li,3.3456473458333322,0.11764705882352901,0.210526315789473
,Li,3.41580771833333,0.0,0.08695652173913
,Li,4.239418978333338,0.2,0.25
,Li,3.25969762583333,0.0,0.11111111111111101
,Li,3.830646998333326,0.2,0.25
,Li,3.999739583333341,0.2,0.25
,Li,-0.9848118866666721,0.0,0.047619047619047006
,Li,3.690944910833335,0.0,0.14285714285714202
,Li,3.010889218333351,0.210526315789473,0.25
,Li,3.905928695833336,0.0,0.14285714285714202
,Li,3.180586703333337,0.0,0.18181818181818102
,Li,3.824538182083334,0.0,0.14285714285714202
,Li,2.035936613333338,0.14285714285714202,0.25
,Li,3.292506694583328,0.0,0.14285714285714202
,Li,3.602476883333335,0.0,0.14285714285714202
,Li,3.646107943333338,0.0,0.14285714285714202
,Li,3.40329837083333,0.0,0.14285714285714202
,Li,3.9857193408333322,0.0,0.14285714285714202
,Li,3.1960992950000002,0.0,0.2
,Li,3.244866485833331,0.0,0.14285714285714202
,Li,3.340922408333338,0.0,0.14285714285714202
,Li,3.171232440000005,0.0625,0.210526315789473
,Li,2.886352849583336,0.0,0.25
,Li,3.1113901558333312,0.0,0.18181818181818102
,Li,2.764535799833332,0.0,0.29411764705882304
,Li,3.284870983333334,0.0,0.2
,Li,3.6671511283333342,0.0,0.14285714285714202
,Li,3.085393151666665,0.0,0.25
,Li,3.827004702333333,0.0,0.14285714285714202
,Li,2.714783668333329,0.17391304347826,0.208333333333333
,Li,3.331597120833334,0.0,0.18181818181818102
,Li,3.531012653333332,0.0,0.14285714285714202
,Li,3.875351341333332,0.0,0.14285714285714202
,Li,2.201534298333333,0.14285714285714202,0.25
,Li,3.496692439583332,0.0,0.14285714285714202
,Li,3.022588838888888,0.07692307692307601,0.25
,Li,3.133525914999997,0.0,0.2
,Li,2.610091980333333,0.0,0.29411764705882304
,Li,3.663346419999996,0.0,0.15
,Li,3.546131023333334,0.0,0.14285714285714202
,Li,2.506070413333337,0.14285714285714202,0.25
,Li,1.227560993333317,0.0,0.066666666666666
,Li,2.465762598333332,0.13636363636363602,0.208333333333333
,Li,1.813716853333337,0.14285714285714202,0.2
,Li,2.5117263233333342,0.0,0.2
,Li,1.762360661666666,0.14285714285714202,0.29411764705882304
,Li,3.9242272520833312,0.0,0.19047619047619002
,Li,2.363222448333332,0.0,0.25
,Li,3.545538465833329,0.0,0.14285714285714202
,Li,2.467122138333342,0.0,0.1
,Li,2.9265328108333333,0.0,0.25
,Li,2.547217723333337,0.2,0.25
,Li,3.699111768333336,0.0,0.14285714285714202
,Li,1.7794596466666661,0.14285714285714202,0.29411764705882304
,Li,3.586949089999994,0.0,0.15
,Li,3.115283914333334,0.0,0.25
,Li,2.126393193333332,0.2,0.25
,Li,1.912960288333335,0.0,0.14285714285714202
,Li,4.874743938333329,0.0,0.041666666666666005
,Li,2.412900513333331,0.0,0.25
,Li,1.680403058333334,0.0,0.25
,Li,3.175817193333334,0.0,0.14285714285714202
,Li,2.9926173520833332,0.0,0.266666666666666
,Li,4.430885403333325,0.0,0.052631578947368
,Li,3.201325305833334,0.0,0.266666666666666
,Li,0.18339998333333501,0.0,0.066666666666666
,Li,2.043466723333357,0.0,0.058823529411764004
,Li,1.550919148333332,0.0,0.33333333333333304
,Li,4.415403159583339,0.0,0.08333333333333301
,Li,3.286601863958329,0.0,0.15384615384615302
,Li,2.54129316333334,0.0,0.055555555555555004
,Li,3.8906334245833323,0.0,0.105263157894736
,Li,3.265358058333338,0.0,0.055555555555555004
,Li,2.787166603333337,0.0,0.08333333333333301
,Li,0.7343992300000031,0.0,0.12
,Li,0.63421575111112,0.025316455696202,0.125
,Li,3.139078588333324,0.0,0.105263157894736
,Li,4.68184435000001,0.0,0.08333333333333301
,Li,2.678340250833334,0.0,0.105263157894736
,Li,3.681827723333332,0.0,0.15384615384615302
,Li,4.042805750833335,0.058823529411764004,0.157894736842105
,Li,5.363154020833332,0.0,0.2
,Li,3.217259726666668,0.058823529411764004,0.2
,Li,3.22961835,0.058823529411764004,0.2
,Li,3.169327583333327,0.058823529411764004,0.2
,Li,5.468979158333337,0.0,0.1
,Li,0.8407320233333491,0.0,0.043478260869565
,Li,2.027175640833332,0.0,0.14285714285714202
,Li,1.587675213333331,0.0,0.1
,Li,1.6094728358333341,0.0,0.1
,Li,3.372263413333333,0.07692307692307601,0.14285714285714202
,Li,3.389559458333342,0.125,0.22222222222222202
,Li,3.453059493333332,0.07692307692307601,0.14285714285714202
,Li,3.441094628333336,0.07692307692307601,0.14285714285714202
,Li,3.24831098333333,0.0,0.1
,Li,3.232427735833345,0.0,0.1
,Li,2.284670235833336,0.0,0.11111111111111101
,Li,3.39869590583334,0.125,0.22222222222222202
,Li,3.316359190000004,0.16666666666666602,0.23076923076923
,Li,2.43101675583333,0.0,0.105263157894736
,Li,2.915834747083328,0.043478260869565,0.12
,Li,2.23085413583333,0.0,0.08695652173913
,Li,3.9020048283333373,0.07692307692307601,0.14285714285714202
,Li,0.622644533333333,0.0,0.105263157894736
,Li,3.374197618333331,0.0,0.1
,Li,2.214200378333335,0.0,0.058823529411764004
,Li,-0.727102896666674,0.0,0.047619047619047006
,Li,4.657263323333329,0.30434782608695604,0.33333333333333304
,Li,0.564751973333334,0.0,0.058823529411764004
,Li,3.487985610833331,0.11111111111111101,0.2
,Li,3.636997131666665,0.058823529411764004,0.2
,Li,3.349824710000002,0.058823529411764004,0.2
,Li,3.202911608333328,0.058823529411764004,0.2
,Li,2.098045070833334,0.0,0.14285714285714202
,Li,0.53742122333333,0.0,0.045454545454545005
,Li,1.982179073333328,0.0,0.1
,Li,1.782461443333333,0.0,0.25
,Li,1.026649449999998,0.0,0.2
,Li,1.359812448333327,0.0,0.14285714285714202
,Li,1.20776282333333,0.0,0.09090909090909001
,Li,1.699734523333338,0.2,0.25
,Li,1.524724563333334,0.0,0.25
,Li,0.763753848333327,0.0,0.054054054054054
,Li,1.431707528333331,0.0,0.25
,Li,1.825967073333349,0.102564102564102,0.16666666666666602
,Li,1.413359963333318,0.1,0.18181818181818102
,Li,1.088049963333337,0.0,0.125
,Li,2.684563500833338,0.07843137254901901,0.145454545454545
,Li,2.759122998333315,0.12121212121212101,0.171428571428571
,Li,1.927368303333343,0.266666666666666,0.3125
,Li,2.524116049999998,0.102564102564102,0.16666666666666602
,Li,1.443941676666663,0.0,0.2
,Li,1.8364684058333312,0.0,0.25
,Li,1.266085764999999,0.0,0.2
,Li,1.3812677044444441,0.14285714285714202,0.25
,Li,1.641090300000001,0.0,0.1875
,Li,1.821959553333333,0.17391304347826,0.208333333333333
,Li,1.930250697083331,0.18181818181818102,0.25
,Li,1.439524123333332,0.14285714285714202,0.25
,Li,1.857053013333332,0.0,0.29411764705882304
,Li,3.093052181666668,0.066666666666666,0.22222222222222202
,Li,2.282388664583327,0.0625,0.25
,Li,2.508448786666666,0.07692307692307601,0.25
,Li,1.7856782074999982,0.07692307692307601,0.25
,Li,2.249222745833333,0.1,0.25
,Li,1.625750133333338,0.1,0.25
,Li,1.152329806666666,0.14285714285714202,0.29411764705882304
,Li,3.289108493333334,0.125,0.22222222222222202
,Li,2.353501049583333,0.055555555555555004,0.15
,Li,2.780888373333331,0.0,0.14285714285714202
,Li,1.8860462283333321,0.14285714285714202,0.2
,Li,2.7304851033333333,0.0,0.14285714285714202
,Li,2.070466623333332,0.0,0.25
,Li,1.837429213333334,0.14285714285714202,0.25
,Li,1.658714718333333,0.0,0.07142857142857101
,Li,1.650572793333315,0.074074074074074,0.10714285714285701
,Li,2.354271090000002,0.133333333333333,0.174603174603174
,Li,3.60359976333333,0.0,0.06818181818181801
,Li,2.755531666666669,0.08333333333333301,0.301587301587301
,Li,2.783306743333331,0.0,0.04
,Li,3.013763847619048,0.0,0.291666666666666
,Li,1.119152501666668,0.14285714285714202,0.4
,Li,3.272292910833333,0.2,0.33333333333333304
,Li,2.649366319333334,0.11111111111111101,0.186440677966101
,Li,3.548118865333326,0.0,0.07462686567164101
,Li,2.948688788333332,0.0,0.25
,Li,3.112703815833332,0.0,0.125
,Li,3.531303618333344,0.0,0.08695652173913
,Li,2.8047321133333383,0.108108108108108,0.195121951219512
,Li,3.150589805833331,0.2,0.33333333333333304
,Li,3.4979915308333362,0.0,0.125
,Li,3.203716033333326,0.0,0.125
,Li,2.880517924583328,0.0,0.19047619047619002
,Li,3.6379150808333423,0.0,0.125
,Li,2.55168825833334,0.0625,0.25
,Li,3.110199269999995,0.0,0.15
,Li,2.190126183333338,0.0,0.07692307692307601
,Li,3.373610086666659,0.0,0.15
,Li,3.274884940555558,0.0,0.155172413793103
,Li,3.205333038333333,0.0,0.125
,Li,2.490982693333312,0.0,0.0625
,Li,2.231662093333331,0.0,0.07692307692307601
,Li,2.587638883333335,0.0,0.13636363636363602
,Li,3.257947202500003,0.0,0.16666666666666602
,Li,1.813055793333338,0.13636363636363602,0.208333333333333
,Li,2.391421021333333,0.0,0.29411764705882304
,Li,3.594559968333333,0.0,0.07142857142857101
,Li,2.276754113333329,0.0,0.11111111111111101
,Li,1.694168393333332,0.0,0.25
,Li,3.356560958333337,0.0,0.14285714285714202
,Li,2.842033053333338,0.0,0.09375000000000001
,Li,2.8612903199999993,0.0,0.063829787234042
,Li,1.5603050533333331,0.0,0.25
,Li,1.885966963333332,0.0,0.25
,Li,1.979588493333328,0.0,0.1
,Li,1.807198780833333,0.0,0.25
,Li,1.790183303333333,0.0,0.25
,Li,1.860350628333333,0.0,0.14285714285714202
,Li,1.721756393333334,0.0,0.25
,Li,1.015952616666667,0.0,0.75
,Li,0.9993324100000001,0.0,0.75
,Li,-1.594360416666667,0.0,0.5
,Li,1.4419300333333331,0.0,0.5
,Li,-0.040223916666667005,0.33333333333333304,0.5
,Li,1.039233483333333,0.0,0.33333333333333304
,Li,1.563008453333332,0.0,0.25
,Li,1.451843393333331,0.0,0.25
,Li,-0.362515799999993,0.8095238095238091,0.8148148148148141
,Li,0.531624186666666,0.0,0.75
,Li,-0.556807981666667,0.0,0.11111111111111101
,Li,0.018506648333333,0.0,0.25
,Li,-0.19816765166666703,0.0,0.25
,Li,1.209791013333331,0.0,0.25
,Li,2.387301633333327,0.09090909090909001,0.16666666666666602
,Li,2.543221765833327,0.148148148148148,0.206896551724137
,Li,3.360515679583334,0.09090909090909001,0.23076923076923
,Li,2.72730550333333,0.052631578947368,0.18181818181818102
,Li,2.954002850000008,0.0,0.14285714285714202
,Li,2.909366055833335,0.0,0.18181818181818102
,Li,4.034132813333334,0.0,0.1
,Li,3.042650575833332,0.0,0.18181818181818102
,Li,2.8716647508333373,0.0,0.18181818181818102
,Li,3.969401265833345,0.17647058823529402,0.22222222222222202
,Li,3.533908578333329,0.133333333333333,0.1875
,Li,3.016375198333326,0.052631578947368,0.1
,Li,2.861822603333334,0.068965517241379,0.12903225806451601
,Li,2.503060608333331,0.052631578947368,0.18181818181818102
,Li,3.530774573333336,0.19047619047619002,0.22727272727272702
,Li,-0.064930653333333,0.0,0.75
,Li,3.038166738333307,0.0,0.021739130434782
,Li,2.575724103333333,0.0,0.035714285714285005
,Li,-0.21653116666666603,0.0,0.25
,Li,4.469982438333322,0.0,0.021739130434782
,Li,1.317348900833342,0.0,0.0625
,Li,1.978938180000004,0.0625,0.104477611940298
,Li,1.561903153333337,0.0625,0.11764705882352901
,Li,0.038523213333333,0.0,0.25
,Li,0.18514176333333301,0.0,0.25
,Li,0.24132835666666502,0.0,0.75
,Li,0.8267997883333331,0.0,0.5
,Li,0.498585583333333,0.0,0.5
,Li,-1.497772886666662,0.0,0.047619047619047006
,Li,-0.111765366666669,0.0,0.09090909090909001
,Li,0.514988933333346,0.0,0.047619047619047006
,Li,0.9475369233333341,0.33333333333333304,0.5
,Li,-0.444845514999999,0.0,0.75
,Li,-1.268810226666668,0.0,0.052631578947368
,Li,0.417976833333333,0.33333333333333304,0.5
,Li,2.201821813333336,0.0,0.1
,Li,3.033420073333336,0.0,0.1
,Li,0.726644583333336,0.0,0.1
,Li,3.429463618333334,0.0,0.125
,Li,2.241965373333333,0.0,0.14285714285714202
,Li,3.3897662183333392,0.0,0.125
,Li,2.3492131733333372,0.0,0.1
,Li,0.90360827333333,0.0,0.1
,Li,1.784234963333337,0.0,0.066666666666666
,Li,1.337883748333333,0.0,0.25
,Li,0.548860393333332,0.0,0.07692307692307601
,Li,2.519474983333329,0.0,0.055555555555555004
,Li,4.29934582,0.0,0.6000000000000001
,Li,0.95966188333333,0.0,0.07142857142857101
,Li,2.770976893333331,0.0,0.1
,Li,0.208778633333343,0.0,0.08333333333333301
,Li,-2.012156466666662,0.0,0.14285714285714202
,Li,3.049761093333328,0.0,0.1
,Li,2.6201289233333362,0.0,0.1
,Li,2.6363173558333313,0.0,0.125
,Li,2.669002409999999,0.14285714285714202,0.29411764705882304
,Li,4.491751610833323,0.0,0.14285714285714202
,Li,4.009209343333336,0.0,0.14285714285714202
,Li,3.147956751333332,0.0,0.29411764705882304
,Li,3.775932283333337,0.0,0.1
,Li,3.497531378333332,0.1,0.25
,Li,3.405803155833333,0.0,0.25
,Li,3.7742428583333463,0.1,0.18181818181818102
,Li,3.6889149900000002,0.0,0.25
,Li,3.685072813333332,0.1,0.25
,Li,4.524467178333329,0.0,0.14285714285714202
,Li,3.8430181608333283,0.0,0.18181818181818102
,Li,4.019933678333328,0.0,0.18181818181818102
,Li,3.051329638333333,0.14285714285714202,0.25
,Li,4.74963052083334,0.0,0.105263157894736
,Li,3.655575148333331,0.14285714285714202,0.25
,Li,4.157515350833333,0.0,0.14285714285714202
,Li,3.56566410333333,0.14285714285714202,0.25
,Li,3.681102613333341,0.0,0.15
,Li,3.870839365833337,0.0,0.14285714285714202
,Li,3.939129250833336,0.0,0.14285714285714202
,Li,3.051595750833333,0.0,0.14285714285714202
,Li,4.286054431904757,0.0,0.17073170731707302
,Li,3.569762055833334,0.0,0.14285714285714202
,Li,4.367181173333333,0.0,0.14285714285714202
,Li,3.9375135408333333,0.0,0.14285714285714202
,Li,2.9221717658333373,0.0,0.14285714285714202
,Li,3.983277855833326,0.0,0.1
,Li,3.581572773333332,0.16666666666666602,0.25
,Li,3.679298878333331,0.14285714285714202,0.25
,Li,3.7677620799999962,0.07692307692307601,0.25
,Li,3.348008803333325,0.1,0.25
,Li,3.724562991666667,0.0,0.2
,Li,3.999562447333328,0.0,0.172413793103448
,Li,4.144303423333331,0.0,0.14285714285714202
,Li,-0.49540043666666606,0.0,0.125
,Li,-0.04217763666666,0.0,0.09090909090909001
,Li,4.648034383333333,0.0,0.2
,Li,5.18577194333334,0.0,0.1
,Li,2.261387903333333,0.0,0.052631578947368
,Li,4.51474495083333,0.125,0.22222222222222202
,Li,4.519475752083328,0.125,0.22222222222222202
,Li,4.558548453333331,0.0,0.22222222222222202
,Li,4.849443663333337,0.0,0.1
,Li,3.197116280333333,0.0,0.29411764705882304
,Li,4.155083928333338,0.0,0.14285714285714202
,Li,3.8712825158333333,0.0,0.14285714285714202
,Li,2.044967240833334,0.0,0.14285714285714202
,Li,3.858969595833338,0.0,0.14285714285714202
,Li,3.8634253666666662,0.0,0.14285714285714202
,Li,3.8804091325,0.0,0.14285714285714202
,Li,3.775161862500003,0.0,0.14285714285714202
,Li,-0.078596372499992,0.0,0.14285714285714202
,Li,3.9154661600000082,0.0,0.14285714285714202
,Li,3.88765814666667,0.0,0.14285714285714202
,Li,3.882162339166668,0.0,0.14285714285714202
,Li,3.891001174166675,0.0,0.14285714285714202
,Li,3.860079399166669,0.0,0.14285714285714202
,Li,3.833413901666674,0.0,0.14285714285714202
,Li,3.821406282500006,0.0,0.14285714285714202
,Li,-0.6350575583333341,0.0,0.14285714285714202
,Li,5.692489526666667,0.0,0.14285714285714202
,Li,3.771642185000004,0.0,0.14285714285714202
,Li,3.893744978333334,0.0,0.14285714285714202
,Li,2.740996586666668,0.14285714285714202,0.29411764705882304
,Li,2.703796169999998,0.14285714285714202,0.29411764705882304
,Li,3.987319799999999,0.14285714285714202,0.29411764705882304
,Li,3.54914584083333,0.0,0.25
,Li,3.8163664533333272,0.14285714285714202,0.25
,Li,1.857991143333334,0.25,0.4
,Li,3.9647908358333313,0.0,0.25
,Li,4.004752400833337,0.0,0.18181818181818102
,Li,3.800156808333334,0.0,0.25
,Li,3.768779103333327,0.14285714285714202,0.25
,Li,3.963004908333332,0.0,0.25
,Li,4.19884804083333,0.0,0.14285714285714202
,Li,3.698806772333335,0.0,0.25
,Li,3.882968336666668,0.0,0.25
,Li,3.970202473333334,0.18181818181818102,0.25
,Li,3.290969179999999,0.07692307692307601,0.25
,Li,4.639780237083333,0.0,0.14285714285714202
,Li,3.788066720833328,0.0,0.18181818181818102
,Li,4.027106103333335,0.0,0.14285714285714202
,Li,3.922357025833325,0.0,0.14285714285714202
,Li,3.3443902703333332,0.0,0.29411764705882304
,Li,4.19254645333333,0.11764705882352901,0.25
,Li,3.937661372333336,0.0,0.25
,Li,3.357821203333335,0.13636363636363602,0.208333333333333
,Li,3.456640123333334,0.15,0.17073170731707302
,Li,3.7308980308333273,0.0,0.14285714285714202
,Li,4.122311360833334,0.0,0.14285714285714202
,Li,2.533133643333319,0.15,0.17073170731707302
,Li,3.776648810833333,0.0,0.14285714285714202
,Li,4.521835540833334,0.0,0.14285714285714202
,Li,4.10154535833333,0.0,0.14285714285714202
,Li,2.505873736666666,0.14285714285714202,0.29411764705882304
,Li,3.840042648333328,0.14285714285714202,0.25
,Li,3.8504769558333343,0.14285714285714202,0.25
,Li,4.050468950833328,0.0,0.2
,Li,4.4375595833333294,0.0,0.08
,Li,2.559162840833335,0.22222222222222202,0.30000000000000004
,Li,3.724501480833344,0.0,0.07142857142857101
,Li,3.689821343333325,0.0,0.07142857142857101
,Li,-0.30363475166665904,0.0,0.047619047619047006
,Li,3.768148813333316,0.018867924528301,0.07142857142857101
,Li,0.798600353333317,0.0,0.047619047619047006
,Li,3.365441028333333,0.14285714285714202,0.25
,Li,3.73865790916667,0.045454545454545005,0.25
,Li,3.790248475833334,0.0,0.14285714285714202
,Li,2.837011994999997,0.14285714285714202,0.29411764705882304
,Li,3.253045693333338,0.2,0.25
,Li,3.323602568333332,0.14285714285714202,0.2
,Li,3.193511393333342,0.14285714285714202,0.2
,Li,3.279952326666668,0.0,0.25
,Li,3.925563678333337,0.0,0.18181818181818102
,Li,3.416357878333333,0.0,0.25
,Li,3.942484643333334,0.15384615384615302,0.3125
,Li,3.432672168333333,0.0,0.25
,Li,3.390423123333336,0.0,0.25
,Li,4.034897215833337,0.0,0.14285714285714202
,Li,3.310602730833332,0.0,0.25
,Li,4.355584248333334,0.0,0.14285714285714202
,Li,3.7676087550000013,0.0,0.2
,Li,3.597688579583331,0.0,0.17391304347826
,Li,4.214901258333339,0.0,0.18181818181818102
,Li,3.240190038333335,0.0,0.18181818181818102
,Li,3.458701575833335,0.0,0.18181818181818102
,Li,3.013799849999998,0.0,0.2
,Li,3.33804975,0.0,0.25
,Li,3.30075598333334,0.0,0.1875
,Li,3.177038253333336,0.0,0.1875
,Li,4.053808303333331,0.0,0.14285714285714202
,Li,4.3857285333333325,0.0,0.14285714285714202
,Li,3.9685372258333342,0.0,0.14285714285714202
,Li,4.518617037083335,0.0,0.14285714285714202
,Li,4.032006620833333,0.0,0.14285714285714202
,Li,2.359776373333322,0.210526315789473,0.25
,Li,4.210763150833334,0.0,0.14285714285714202
,Li,3.346500027333336,0.0,0.172413793103448
,Li,4.44513590166666,0.0,0.15
,Li,3.603061913333311,0.15,0.17073170731707302
,Li,3.673781190833343,0.0,0.1
,Li,4.160325675833339,0.0,0.14285714285714202
,Li,4.827141599583332,0.0,0.105263157894736
,Li,4.088257593333343,0.0,0.1
,Li,3.900253165833338,0.0,0.14285714285714202
,Li,4.040260089583332,0.0,0.14285714285714202
,Li,4.048236063333332,0.0,0.14285714285714202
,Li,3.369766950833328,0.0,0.14285714285714202
,Li,3.610461670833328,0.0,0.14285714285714202
,Li,2.8068868163333303,0.0,0.29411764705882304
,Li,4.108025203333331,0.0,0.14285714285714202
,Li,4.044357108333334,0.0,0.14285714285714202
,Li,2.625510498333331,0.0,0.1
,Li,3.18593919333333,0.22222222222222202,0.30000000000000004
,Li,4.088065480833333,0.0,0.14285714285714202
,Li,4.369007479333327,0.028571428571428,0.15
,Li,2.919701055833333,0.0,0.14285714285714202
,Li,3.222655598333332,0.18181818181818102,0.25
,Li,3.821463788333331,0.0,0.25
,Li,3.371941503333329,0.14285714285714202,0.25
,Li,3.374196011666673,0.07692307692307601,0.25
,Li,3.812674747083332,0.0,0.25
,Li,3.269185533333332,0.0,0.1875
,Li,3.41704247666666,0.07692307692307601,0.25
,Li,3.645088278333337,0.14285714285714202,0.25
,Li,4.322343343333334,0.210526315789473,0.25
,Li,3.612522723333346,0.18181818181818102,0.25
,Li,3.712947963333329,0.0,0.1875
,Li,3.7683985283333112,0.210526315789473,0.25
,Li,3.737852040833336,0.16666666666666602,0.25
,Li,3.621380722083338,0.0,0.18181818181818102
,Li,2.887970073333339,0.14285714285714202,0.2
,Li,3.552453611666668,0.0,0.2
,Li,2.603898333333338,0.14285714285714202,0.2
,Li,3.774462743333326,0.14285714285714202,0.25
,Li,5.135521593333334,0.0,0.14285714285714202
,Li,4.490021620833336,0.0,0.14285714285714202
,Li,4.223693268333325,0.0,0.14285714285714202
,Li,2.6029475933333353,0.14285714285714202,0.29411764705882304
,Li,3.955532375833333,0.0,0.14285714285714202
,Li,3.789750783333332,0.0,0.25
,Li,4.300732415833328,0.0,0.18181818181818102
,Li,2.462268273333337,0.28571428571428503,0.347826086956521
,Li,2.307199141666662,0.33333333333333304,0.46666666666666606
,Li,2.310801113333331,0.384615384615384,0.46666666666666606
,Li,3.409718970833332,0.0,0.25
,Li,2.671426739583335,0.44444444444444403,0.5454545454545451
,Li,3.198778157333331,0.0,0.29411764705882304
,Li,2.589447803333333,0.46666666666666606,0.5
,Li,3.061722057333331,0.0,0.208333333333333
,Li,4.5314597383333375,0.0,0.14285714285714202
,Li,3.387363767179487,0.0,0.232142857142857
,Li,3.775021676333328,0.088888888888888,0.254545454545454
,Li,1.810947870833322,0.39534883720930203,0.446808510638297
,Li,2.844212110833337,0.44444444444444403,0.5
,Li,2.545292454666666,0.44444444444444403,0.540229885057471
,Li,2.79196788083333,0.44444444444444403,0.5
,Li,3.895424538333339,0.19047619047619002,0.291666666666666
,Li,4.557680973333338,0.148148148148148,0.17857142857142802
,Li,2.747919590833333,0.0,0.4
,Li,3.808281968333333,0.0,0.25
,Li,3.631684728833334,0.0,0.246913580246913
,Li,4.859139428333326,0.0,0.043478260869565
,Li,4.965138348333345,0.0,0.08695652173913
,Li,5.31174754333333,0.055555555555555004,0.105263157894736
,Li,4.61160822666667,0.0,0.115384615384615
,Li,5.065783453333329,0.0,0.09090909090909001
,Li,5.164530476666664,0.0,0.115384615384615
,Li,4.389878085833321,0.0,0.09090909090909001
,Li,5.081063063333336,0.0,0.09090909090909001
,Li,5.28965848333333,0.0,0.055555555555555004
,Li,4.3336184258333335,0.0,0.14285714285714202
,Li,4.2357706089583385,0.055555555555555004,0.22727272727272702
,Li,5.159492045833336,0.0,0.09090909090909001
,Li,5.291712258333334,0.0,0.115384615384615
,Li,5.59688006833331,0.0,0.055555555555555004
,Li,4.403851713333336,0.0,0.14285714285714202
,Li,4.654103609999997,0.0,0.14285714285714202
,Li,4.612435505833337,0.0,0.14285714285714202
,Li,4.028777480833331,0.0,0.14285714285714202
,Li,4.841337163333335,0.0,0.127659574468085
,Li,5.514096693333333,0.0,0.055555555555555004
,Li,4.667262029583331,0.15384615384615302,0.266666666666666
,Li,4.30184314833333,0.0,0.14285714285714202
,Li,4.272494673333331,0.0,0.0625
,Li,5.357530630833328,0.0,0.07142857142857101
,Li,5.529354370833322,0.0,0.07142857142857101
,Li,4.802537245833332,0.0,0.16666666666666602
,Li,4.706997928333327,0.09090909090909001,0.16666666666666602
,Li,5.298443423333329,0.0,0.105263157894736
,Li,6.078896553333341,0.0,0.055555555555555004
,Li,4.938065421666659,0.130434782608695,0.183673469387755
,Li,4.343385253333335,0.0,0.14285714285714202
,Li,4.622614545833334,0.0,0.08695652173913
,Li,4.362226118333329,0.0,0.14285714285714202
,Li,5.725157078333315,0.0,0.055555555555555004
,Li,5.270536673333344,0.0,0.09090909090909001
,Li,4.72837373083333,0.0,0.16666666666666602
,Li,4.069050723333331,0.0,0.14285714285714202
,Li,4.913334703333324,0.0,0.09090909090909001
,Li,4.051540948333337,0.0,0.14285714285714202
,Li,4.7914651508333375,0.09090909090909001,0.16666666666666602
,Li,6.351212275833338,0.0,0.08695652173913
,Li,5.140374305833323,0.055555555555555004,0.105263157894736
,Li,4.672090509583339,0.0,0.16666666666666602
,Li,5.370706193333338,0.0,0.07142857142857101
,Li,4.688218982083332,0.0,0.16666666666666602
,Li,4.125282103333338,0.0,0.055555555555555004
,Li,4.381445333333336,0.07692307692307601,0.14285714285714202
,Li,4.084572525833342,0.09090909090909001,0.16666666666666602
,Li,4.794025123333331,0.0,0.0625
,Li,4.576242114444443,0.05813953488372001,0.147368421052631
,Li,4.093662863333333,0.0,0.108108108108108
,Li,5.041513038333325,0.0,0.09090909090909001
,Li,5.178266513333336,0.0,0.115384615384615
,Li,4.286675008333309,0.0,0.026315789473684
,Li,4.4359469283333555,0.0,0.033333333333333
,Li,4.783189751666673,0.0,0.115384615384615
,Li,4.334888140833333,0.0,0.14285714285714202
,Li,5.153203818333343,0.055555555555555004,0.105263157894736
,Li,4.571968950833342,0.0,0.07142857142857101
,Li,4.257700939583334,0.0,0.14285714285714202
,Li,3.994422962499993,0.0,0.14285714285714202
,Li,4.76944317833333,0.0,0.16666666666666602
,Li,4.848867404999997,0.0,0.127659574468085
,Li,3.5149613908333333,0.0,0.14285714285714202
,Li,4.408243143333334,0.0,0.14285714285714202
,Li,4.381303445833343,0.055555555555555004,0.15
,Li,4.247482669583332,0.0,0.14285714285714202
,Li,4.846628273958336,0.0,0.15384615384615302
,Li,4.769965208333329,0.0,0.14285714285714202
,Li,4.225425048333332,0.0,0.14285714285714202
,Li,4.271529175333335,0.028571428571428,0.15
,Li,3.083323130833332,0.0,0.14285714285714202
,Li,2.5749900783333333,0.0,0.14285714285714202
,Li,4.056825139047618,0.028571428571428,0.19047619047619002
,Li,2.738780853333328,0.0,0.14285714285714202
,Li,4.508190578333331,0.0,0.14285714285714202
,Li,0.718896023333333,0.0,0.09090909090909001
,Li,5.123416517083332,0.0,0.105263157894736
,Li,6.23150629333333,0.0,0.055555555555555004
,Li,4.884270373333327,0.0,0.08333333333333301
,Li,4.918742306666678,0.0,0.08333333333333301
,Li,3.817008133333332,0.0,0.18181818181818102
,Li,3.134414413333333,0.0,0.25
,Li,0.6848315933333471,0.0,0.066666666666666
,Li,4.02669763083333,0.0,0.14285714285714202
,Li,4.445311720833328,0.0,0.14285714285714202
,Li,4.300809392083335,0.0,0.14285714285714202
,Li,5.04306379083332,0.0,0.09523809523809501
,Li,3.757577073333327,0.1,0.18181818181818102
,Li,3.914207908333336,0.14285714285714202,0.25
,Li,4.851233068333347,0.0,0.1
,Li,3.70397912333333,0.14285714285714202,0.25
,Li,3.798029073333329,0.14285714285714202,0.25
,Li,4.176416345000002,0.0,0.2
,Li,4.32322742333334,0.2,0.25
,Li,3.445609338333338,0.14285714285714202,0.25
,Li,3.713920558333332,0.14285714285714202,0.25
,Li,5.091243358333321,0.26315789473684204,0.30000000000000004
,Li,4.586395388333334,0.2,0.25
,Li,3.726868828333335,0.14285714285714202,0.25
,Li,3.8705464158333363,0.14285714285714202,0.25
,Li,3.817750715833331,0.14285714285714202,0.25
,Li,3.882312670833333,0.14285714285714202,0.25
,Li,3.7525491433333062,0.14285714285714202,0.210526315789473
,Li,3.757831299999982,0.07142857142857101,0.133333333333333
,Li,2.814268028333335,0.14285714285714202,0.25
,Li,4.045099728333331,0.0,0.14285714285714202
,Li,3.410411903333334,0.0,0.25
,Li,4.670871303333333,0.0,0.14285714285714202
,Li,3.932885010833321,0.0,0.14285714285714202
,Li,2.723031096666668,0.0,0.1875
,Li,4.523163175833337,0.0,0.14285714285714202
,Li,3.647128688333336,0.0,0.14285714285714202
,Li,3.477113773333333,0.0,0.14285714285714202
,Li,3.472139000833331,0.0625,0.25
,Li,3.479630436666667,0.0,0.25
,Li,3.534146764583333,0.0,0.25
,Li,3.683614426666664,0.0,0.2
,Li,3.535915004999997,0.0,0.10714285714285701
,Li,3.036109050833336,0.14285714285714202,0.25
,Li,3.808862595833329,0.0,0.18181818181818102
,Li,2.425232038333338,0.0,0.14285714285714202
,Li,2.005938733333331,0.0,0.1
,Li,3.91997867333333,0.0,0.14285714285714202
,Li,3.390205559999998,0.066666666666666,0.22222222222222202
,Li,4.222642800833332,0.0,0.14285714285714202
,Li,3.704200043333334,0.14285714285714202,0.25
,Li,4.1865232483333354,0.0,0.14285714285714202
,Li,4.31046450333334,0.0,0.14285714285714202
,Li,2.6909737133333262,0.0,0.1
,Li,2.536734053333337,0.2,0.25
,Li,1.729457803333317,0.14285714285714202,0.186440677966101
,Li,4.082444910833336,0.055555555555555004,0.15
,Li,3.512317765833335,0.0,0.14285714285714202
,Li,2.654171328333338,0.0,0.1
,Li,4.6707320283333384,0.0,0.15384615384615302
,Li,3.510014330833333,0.0,0.14285714285714202
,Li,1.962375303333336,0.0,0.07142857142857101
,Li,1.9788784333333251,0.2,0.25
,Li,2.052771425833332,0.0,0.25
,Li,-0.407694173333332,0.0,0.75
,Li,3.489295448333342,0.0,0.1
,Li,4.587537433333336,0.0,0.105263157894736
,Li,3.285255933333322,0.2,0.25
,Li,4.055288961666662,0.0,0.15
,Li,3.140120223333331,0.0,0.14285714285714202
,Li,2.592849188333335,0.0,0.1
,Li,1.474245423333348,0.0,0.04
,Li,2.380949743333336,0.0,0.07692307692307601
,Li,5.337790772083332,0.0,0.16666666666666602
,Li,3.401522633333333,0.22222222222222202,0.36363636363636304
,Li,3.839053890833333,0.0,0.28571428571428503
,Li,1.630059861666663,0.30000000000000004,0.36363636363636304
,Li,5.021094306666666,0.0,0.30000000000000004
,Li,5.506705943333333,0.0,0.1
,Li,4.199219588333332,0.0,0.2
,Li,4.518893421333331,0.204081632653061,0.277777777777777
,Li,4.377261550833329,0.0,0.125
,Li,3.376453978333335,0.0,0.22222222222222202
,Li,2.75603156708333,0.125,0.22222222222222202
,Li,-0.370023556666675,0.0,0.066666666666666
,Li,3.398723149999999,0.0,0.17647058823529402
,Li,-1.876175846666664,0.0,0.066666666666666
,Li,2.189703181666667,0.14285714285714202,0.29411764705882304
,Li,2.565773218333338,0.14285714285714202,0.2
,Li,2.925434958333331,0.0,0.1
,Li,4.079103233333332,0.2,0.25
,Li,3.509374733333335,0.14285714285714202,0.2
,Li,4.030245322222215,0.0,0.11842105263157801
,Li,3.477482518333337,0.14285714285714202,0.25
,Li,3.914091363333331,0.2,0.25
,Li,3.89825952333333,0.18181818181818102,0.25
,Li,4.068852769999997,0.18181818181818102,0.25
,Li,3.38815880333333,0.13636363636363602,0.208333333333333
,Li,3.743414175833327,0.14285714285714202,0.25
,Li,4.051966429999998,0.18181818181818102,0.25
,Li,3.247686925833325,0.0,0.105263157894736
,Li,2.081988573333333,0.14285714285714202,0.29411764705882304
,Li,3.7402917283333292,0.14285714285714202,0.25
,Li,2.504053240833333,0.14285714285714202,0.29411764705882304
,Li,4.719650003333332,0.0,0.07142857142857101
,Li,3.483857388333324,0.16666666666666602,0.25
,Li,4.820463003333339,0.0,0.07142857142857101
,Li,2.943517385833336,0.0,0.14285714285714202
,Li,2.784357183333388,0.15,0.17073170731707302
,Li,4.168557229047618,0.0,0.17073170731707302
,Li,3.5578466558333353,0.0,0.14285714285714202
,Li,3.635634853333333,0.0,0.14285714285714202
,Li,3.866836003333337,0.2,0.25
,Li,2.422677183333324,0.0,0.07142857142857101
,Li,5.020352822499996,0.0,0.15
,Li,4.539998115833332,0.0,0.1
,Li,4.66829378333333,0.0,0.11111111111111101
,Li,3.690413353333331,0.074074074074074,0.137931034482758
,Li,-0.048828021666667006,0.058823529411764004,0.157894736842105
,Li,4.930915438333334,0.058823529411764004,0.157894736842105
,Li,3.216157959999998,0.0,0.157894736842105
,Li,-0.046965506666675004,0.0,0.066666666666666
,Li,-0.8456937266666621,0.0,0.047619047619047006
,Li,1.272919906666671,0.243243243243243,0.30000000000000004
,Li,1.727267886666666,0.0,0.09677419354838701
,Li,3.590478445833317,0.0,0.066666666666666
,Li,1.394546480833331,0.0,0.05
,Li,4.780451983333369,0.0,0.014492753623188002
,Li,3.666027593333329,0.0,0.055555555555555004
,Li,-6.93478877666666,0.0,0.014492753623188002
,Li,3.679442053333336,0.0,0.055555555555555004
,Li,4.778282163333306,0.0,0.028571428571428
,Li,3.6724759133333342,0.0,0.055555555555555004
,Li,3.782514600833335,0.0,0.14285714285714202
,Li,2.65510019333333,0.0,0.1
,Li,2.508690651666668,0.14285714285714202,0.29411764705882304
,Li,4.109621445833331,0.0,0.1
,Li,3.382690123333337,0.210526315789473,0.25
,Li,3.384424950833332,0.0,0.25
,Li,3.226870689999998,0.0,0.2
,Li,2.799587843333332,0.0,0.1875
,Li,3.51681135583333,0.0,0.18181818181818102
,Li,2.136611576666666,0.14285714285714202,0.29411764705882304
,Li,3.300581798333337,0.14285714285714202,0.25
,Li,3.893607538333332,0.0,0.14285714285714202
,Li,2.915700934333331,0.0,0.29411764705882304
,Li,4.046285558333328,0.0,0.105263157894736
,Li,3.046982229333333,0.0,0.29411764705882304
,Li,2.187093339999998,0.14285714285714202,0.29411764705882304
,Li,4.009289222083333,0.0,0.22222222222222202
,Li,6.838748730833328,0.0,0.125
,Li,4.54309631,0.0,0.17647058823529402
,Li,1.993467733333337,0.0,0.066666666666666
,Li,0.6175924833333301,0.0,0.066666666666666
,Li,-1.832306944166656,0.0,0.125
,Li,1.699900333333322,0.0,0.0625
,Li,3.922542321666662,0.052631578947368,0.18181818181818102
,Li,3.722619053333336,0.0,0.1
,Li,4.9501593633333325,0.0,0.1
,Li,4.505115863333342,0.0,0.11111111111111101
,Li,4.519855233333335,0.30769230769230704,0.35714285714285704
,Li,4.537563478333337,0.22222222222222202,0.30000000000000004
,Li,4.033669358333332,0.16666666666666602,0.28571428571428503
,Li,4.5437946883333264,0.0,0.11111111111111101
,Li,3.640529033333327,0.0,0.08
,Li,3.9078159933333483,0.0,0.074074074074074
,Li,4.835915110833331,0.0,0.28571428571428503
,Li,4.51957263333333,0.0,0.11111111111111101
,Li,4.586482888333326,0.27272727272727204,0.33333333333333304
,Li,5.613607248333328,0.0,0.16666666666666602
,Li,3.669284325833328,0.25,0.33333333333333304
,Li,4.688098608333335,0.0,0.18181818181818102
,Li,3.9998955633333373,0.0,0.2
,Li,4.22596502583333,0.0,0.15384615384615302
,Li,4.370529585833332,0.14285714285714202,0.33333333333333304
,Li,4.610570633333336,0.27272727272727204,0.33333333333333304
,Li,4.542527619583329,0.1,0.18181818181818102
,Li,4.422996118333335,0.125,0.30000000000000004
,Li,4.31951728333333,0.30769230769230704,0.4
,Li,4.913294818333335,0.0,0.18181818181818102
,Li,4.253022903333332,0.0,0.2
,Li,4.330121463333332,0.14285714285714202,0.33333333333333304
,Li,4.72301335166667,0.22222222222222202,0.30000000000000004
,Li,4.092699433333334,0.16666666666666602,0.28571428571428503
,Li,3.814576093333334,0.22222222222222202,0.30000000000000004
,Li,4.841234435833333,0.0,0.28571428571428503
,Li,3.97970241083333,0.0,0.2
,Li,4.01926013333333,0.16666666666666602,0.28571428571428503
,Li,6.952880303333336,0.0,0.16666666666666602
,Li,4.316374028333333,0.0,0.125
,Li,4.290090963333339,0.0,0.125
,Li,4.920488153333335,0.08333333333333301,0.21428571428571402
,Li,4.014909765,0.22222222222222202,0.36363636363636304
,Li,4.257353543333335,0.22222222222222202,0.30000000000000004
,Li,4.92160534333333,0.0,0.18181818181818102
,Li,4.869729543333332,0.0,0.133333333333333
,Li,5.479467553333334,0.0,0.1
,Li,4.078614366666664,0.0,0.130434782608695
,Li,3.273994633333335,0.0,0.05
,Li,3.994886966666669,0.0,0.15
,Li,4.049938293333338,0.0,0.14285714285714202
,Li,2.228983773333373,0.0,0.0625
,Li,2.728072323333326,0.0,0.07142857142857101
,Li,3.203716945333337,0.0,0.25
,Li,3.5983588608333332,0.0,0.133333333333333
,Li,3.790152600000003,0.0,0.15
,Li,3.052508810833335,0.0,0.14285714285714202
,Li,4.961333068333321,0.0,0.08333333333333301
,Li,2.6517035633333332,0.0,0.07142857142857101
,Li,3.779215990000005,0.0,0.15
,Li,1.401244110833336,0.5,0.533333333333333
,Li,3.10596746833333,0.0,0.14285714285714202
,Li,3.002682963333332,0.0,0.14285714285714202
,Li,3.704208283333333,0.0,0.07142857142857101
,Li,2.654713108333329,0.21428571428571402,0.3125
,Li,4.525997473333338,0.0,0.125
,Li,3.359990069999999,0.08333333333333301,0.266666666666666
,Li,9.279628206666668,0.0,0.15
,Li,2.8052929008333343,0.33333333333333304,0.4
,Li,2.151560173333341,0.0,0.08333333333333301
,Li,2.865469915833334,0.28571428571428503,0.375
,Li,3.6848593133333383,0.0,0.16666666666666602
,Li,2.880597843333338,0.0,0.052631578947368
,Li,3.575332700833333,0.0,0.16666666666666602
,Li,2.9436797033333493,0.0,0.052631578947368
,Li,3.6254414816666642,0.07692307692307601,0.25
,Li,4.533579683333333,0.5,0.533333333333333
,Li,10.623049853333333,0.0,0.15
,Li,4.12730612708333,0.0,0.22222222222222202
,Li,4.0724446983333324,0.0,0.125
,Li,5.092546688333333,0.0,0.133333333333333
,Li,4.036170075833337,0.0,0.22222222222222202
,Li,3.960994844583344,0.125,0.22222222222222202
,Li,3.725089764999997,0.0,0.17647058823529402
,Li,3.3816160733333382,0.0,0.1
,Li,2.421319623333329,0.0,0.2
,Li,0.366518403333335,0.125,0.30000000000000004
,Li,2.275217103333337,0.0,0.14285714285714202
,Li,1.6939152933333301,0.0,0.2
,Li,2.328470173333333,0.0,0.08333333333333301
,Li,5.910340333333331,0.0,0.2
,Li,2.265348888333339,0.5,0.533333333333333
,Li,4.692829077083336,0.125,0.22222222222222202
,Li,5.057702658333331,0.0,0.22222222222222202
,Li,4.5869878733333325,0.0,0.1
,Li,3.196905335833329,0.0,0.16666666666666602
,Li,1.111851060833335,0.0,0.22222222222222202
,Li,2.00743891208332,0.125,0.22222222222222202
,Li,3.8239980783333363,0.23529411764705802,0.277777777777777
,Li,2.813267343333334,0.0,0.22222222222222202
,Li,2.344290088333328,0.0,0.125
,Li,4.29673047708333,0.0,0.18181818181818102
,Li,4.317598407083332,0.0,0.18181818181818102
,Li,2.9457807433333203,0.0,0.058823529411764004
,Li,2.731576360833331,0.0,0.2
,Li,3.080653173333328,0.0,0.11111111111111101
,Li,6.392781773333329,0.0,0.058823529411764004
,Li,3.220165580833328,0.16666666666666602,0.28571428571428503
,Li,3.759691019583337,0.0,0.28571428571428503
,Li,3.284075548333338,0.0,0.125
,Li,4.5732582333333385,0.0,0.0625
,Li,5.323887243333332,0.0,0.2
,Li,3.392066523333331,0.0,0.11111111111111101
,Li,3.4835500683333342,0.22222222222222202,0.30000000000000004
,Li,3.208217503333334,0.0,0.125
,Li,2.989195053333337,0.0,0.1
,Li,1.962030893333353,0.0,0.052631578947368
,Li,4.059933315833331,0.0,0.18181818181818102
,Li,3.344410088333323,0.0,0.08333333333333301
,Li,4.051239330833337,0.0,0.16666666666666602
,Li,2.8770253258333343,0.33333333333333304,0.4
,Li,3.4425489900000033,0.0,0.11111111111111101
,Li,2.461882260833339,0.0,0.14285714285714202
,Li,4.048337948333331,0.0,0.23076923076923
,Li,2.7547057133333412,0.0,0.1
,Li,4.045270888333332,0.0,0.16666666666666602
,Li,4.157885925833331,0.0,0.16666666666666602
,Li,2.031409783333331,0.33333333333333304,0.45454545454545403
,Li,3.037800259999994,0.0,0.11111111111111101
,Li,1.9259309833333351,0.0,0.052631578947368
,Li,3.43849284333334,0.0,0.058823529411764004
,Li,2.9972125833333263,0.0,0.157894736842105
,Li,3.024187388333335,0.16666666666666602,0.23076923076923
,Li,3.428695483333347,0.0,0.052631578947368
,Li,4.11406206333333,0.0,0.157894736842105
,Li,3.541409188333337,0.0,0.11111111111111101
,Li,4.115400143333322,0.0,0.058823529411764004
,Li,2.026866663333341,0.15384615384615302,0.21428571428571402
,Li,4.052507453333334,0.0625,0.210526315789473
,Li,3.21946023833333,0.27272727272727204,0.33333333333333304
,Li,2.801038180000003,0.0,0.11111111111111101
,Li,1.356853368333337,0.5,0.533333333333333
,Li,2.190456173333364,0.0,0.052631578947368
,Li,3.682245778333336,0.0,0.2
,Li,2.487966563333334,0.0,0.058823529411764004
,Li,3.72040813833333,0.0,0.15384615384615302
,Li,3.4704425833333272,0.0,0.058823529411764004
,Li,3.338086983333345,0.0,0.058823529411764004
,Li,2.30192013333333,0.28571428571428503,0.375
,Li,3.015203390000001,0.0,0.11111111111111101
,Li,2.935099069999992,0.0,0.157894736842105
,Li,3.076697253333333,0.16666666666666602,0.28571428571428503
,Li,4.134294411333331,0.0,0.14285714285714202
,Li,4.204882200833336,0.14285714285714202,0.25
,Li,2.888693448333332,0.28571428571428503,0.375
,Li,4.129229161333335,0.0,0.14285714285714202
,Li,4.109644583333332,0.22222222222222202,0.30000000000000004
,Li,4.261071178333329,0.0,0.0625
,Li,2.98965057833333,0.0,0.058823529411764004
,Li,4.452488713333335,0.0,0.16666666666666602
,Li,1.62719986333335,0.210526315789473,0.25
,Li,4.240871992333335,0.0,0.14285714285714202
,Li,2.499704253333324,0.0,0.058823529411764004
,Li,3.640369928787877,0.0,0.268292682926829
,Li,2.574711928333333,0.0,0.058823529411764004
,Li,2.9916453833333323,0.0,0.11111111111111101
,Li,3.438066266666666,0.0,0.157894736842105
,Li,2.595430178333335,0.33333333333333304,0.4
,Li,2.577372018333332,0.0,0.2
,Li,3.946133312083334,0.0,0.210526315789473
,Li,3.098642993333332,0.0,0.058823529411764004
,Li,3.0814278008333362,0.28571428571428503,0.375
,Li,1.232423665833328,0.461538461538461,0.533333333333333
,Li,2.930213423333332,0.28571428571428503,0.375
,Li,3.743696788333336,0.16666666666666602,0.28571428571428503
,Li,3.37544322083333,0.0,0.11111111111111101
,Li,3.8212547795833363,0.0,0.28571428571428503
,Li,3.352467548333327,0.0,0.058823529411764004
,Li,1.879442763333377,0.0,0.052631578947368
,Li,3.324755886666662,0.0,0.11111111111111101
,Li,2.034142813333294,0.0,0.052631578947368
,Li,3.35661197,0.0,0.11111111111111101
,Li,1.811443333333334,0.0,0.052631578947368
,Li,2.823949883333331,0.0,0.058823529411764004
,Li,3.344771296666676,0.0,0.11111111111111101
,Li,4.098133787083332,0.0,0.16666666666666602
,Li,3.8660343283333463,0.0,0.08333333333333301
,Li,3.468754218333335,0.0,0.11111111111111101
,Li,2.7768945683333373,0.0,0.058823529411764004
,Li,3.701016766969695,0.0,0.268292682926829
,Li,2.853136523333323,0.0,0.058823529411764004
,Li,3.528290003333329,0.0,0.058823529411764004
,Li,2.939484168333331,0.0,0.157894736842105
,Li,2.99076164333334,0.0,0.11111111111111101
,Li,3.234398973333339,0.0,0.105263157894736
,Li,2.022202873333303,0.0,0.052631578947368
,Li,3.43901020333333,0.0,0.11111111111111101
,Li,2.280202230833329,0.28571428571428503,0.375
,Li,3.8750872320833363,0.0,0.210526315789473
,Li,2.915378378333334,0.27272727272727204,0.33333333333333304
,Li,4.482620663333333,0.0,0.16666666666666602
,Li,2.812121548333327,0.0,0.058823529411764004
,Li,2.976639940833334,0.0,0.11111111111111101
,Li,3.989346498333337,0.0,0.08333333333333301
,Li,3.797813423333335,0.0,0.28571428571428503
,Li,3.40521180333332,0.0,0.058823529411764004
,Li,3.953126209583332,0.0,0.210526315789473
,Li,2.9317910016666673,0.0,0.157894736842105
,Li,2.7677142333333262,0.0,0.058823529411764004
,Li,4.096341103333335,0.0,0.16666666666666602
,Li,2.990701723333335,0.0,0.11111111111111101
,Li,2.971250745833335,0.0,0.11111111111111101
,Li,4.463737356666657,0.154929577464788,0.189189189189189
,Li,4.511330113333334,0.0,0.0625
,Li,4.437728173333331,0.0,0.0625
,Li,3.312712543333337,0.0,0.058823529411764004
,Li,1.75303121333332,0.0,0.052631578947368
,Li,2.060561153333371,0.0,0.052631578947368
,Li,2.989419333333334,0.0,0.11111111111111101
,Li,2.9187341833333402,0.0,0.11111111111111101
,Li,4.248524661333334,0.0,0.14285714285714202
,Li,3.95945522833333,0.0,0.08333333333333301
,Li,3.682069039696967,0.0,0.268292682926829
,Li,3.936860830833333,0.0,0.210526315789473
,Li,4.308334833333338,0.0,0.0625
,Li,3.6940999224242432,0.0,0.268292682926829
,Li,2.920530183333335,0.0,0.157894736842105
,Li,3.675043085151513,0.0,0.268292682926829
,Li,4.105842908333334,0.0,0.0625
,Li,3.781374412083331,0.0,0.210526315789473
,Li,3.684919686969697,0.0,0.268292682926829
,Li,2.5726056683333423,0.0,0.058823529411764004
,Li,2.814120238333321,0.0,0.058823529411764004
,Li,4.327268909333337,0.0,0.14285714285714202
,Li,2.9457897800000032,0.0,0.157894736842105
,Li,2.950748483333328,0.0,0.157894736842105
,Li,3.004427062499994,0.0,0.157894736842105
,Li,4.290585468333337,0.0,0.0625
,Li,4.522259203333339,0.0,0.09090909090909001
,Li,2.9648002733333363,0.0,0.11111111111111101
,Li,3.344198996666673,0.0,0.11111111111111101
,Li,2.960397039999994,0.0,0.157894736842105
,Li,2.726724448333333,0.0,0.058823529411764004
,Li,4.461479440833334,0.0,0.16666666666666602
,Li,2.991115358333336,0.0,0.058823529411764004
,Li,3.500136470000005,0.0,0.11111111111111101
,Li,3.701609544242422,0.0,0.268292682926829
,Li,4.500772758333331,0.14285714285714202,0.25
,Li,3.038589350833331,0.28571428571428503,0.375
,Li,3.326765216666662,0.0,0.11111111111111101
,Li,5.628901943333337,0.0,0.0625
,Li,13.083748875833335,0.0,0.2
,Li,3.411820933333335,0.0,0.058823529411764004
,Li,2.410235713333333,0.0,0.058823529411764004
,Li,4.063836243333331,0.0,0.0625
,Li,3.376796693333323,0.0,0.058823529411764004
,Li,3.393185218333333,0.0,0.11111111111111101
,Li,2.928905796666663,0.0,0.157894736842105
,Li,1.986113113333322,0.0,0.052631578947368
,Li,3.268977223333334,0.0,0.1
,Li,1.7060240933333342,0.125,0.30000000000000004
,Li,4.280503367179488,0.138461538461538,0.28205128205128205
,Li,3.938468448333329,0.0,0.07142857142857101
,Li,3.300219583333334,0.0,0.28571428571428503
,Li,4.587971613333331,0.0,0.25
,Li,4.278420943333335,0.125,0.22222222222222202
,Li,3.52792048,0.0,0.23076923076923
,Li,4.558441795833336,0.0,0.14285714285714202
,Li,2.302313145833328,0.0,0.2
,Li,4.873892218333336,0.0,0.14285714285714202
,Li,3.347107588333334,0.0,0.28571428571428503
,Li,2.2972278533333292,0.1,0.18181818181818102
,Li,4.628506113333334,0.2,0.33333333333333304
,Li,4.332639462500002,0.125,0.30000000000000004
,Li,4.372935763333335,0.125,0.22222222222222202
,Li,2.129598203333334,0.35714285714285704,0.4
,Li,4.625774213333327,0.0,0.14285714285714202
,Li,2.7961834083333352,0.0,0.18181818181818102
,Li,4.425258018333335,0.25,0.35714285714285704
,Li,2.402084283333335,0.16666666666666602,0.28571428571428503
,Li,4.043736850833331,0.125,0.30000000000000004
,Li,4.35258805083333,0.0,0.14285714285714202
,Li,4.201744988333336,0.125,0.22222222222222202
,Li,2.703357988333334,0.125,0.30000000000000004
,Li,4.793945038333338,0.125,0.22222222222222202
,Li,3.433147001666666,0.125,0.36363636363636304
,Li,4.384454303333332,0.125,0.22222222222222202
,Li,3.854477983333333,0.125,0.30000000000000004
,Li,4.711835235833331,0.0,0.14285714285714202
,Li,2.350988858333328,0.0,0.2
,Li,4.260173568333333,0.0,0.25
,Li,3.175471751458333,0.0,0.28571428571428503
,Li,4.551242648333333,0.0,0.14285714285714202
,Li,5.067682328333331,0.0,0.14285714285714202
,Li,4.916328983333334,0.0,0.14285714285714202
,Li,2.309755798333332,0.16666666666666602,0.28571428571428503
,Li,4.306923195833332,0.0,0.14285714285714202
,Li,3.5864005633333322,0.0,0.33333333333333304
,Li,4.68927737333333,0.0,0.14285714285714202
,Li,3.567569179166665,0.0,0.33333333333333304
,Li,3.2563135475,0.0,0.28571428571428503
,Li,3.923305307083336,0.0,0.16666666666666602
,Li,4.245166073333334,0.125,0.30000000000000004
,Li,3.581036401666667,0.0,0.33333333333333304
,Li,2.349577605833336,0.0,0.058823529411764004
,Li,2.340058373333325,0.1,0.18181818181818102
,Li,2.6684367033333323,0.1,0.18181818181818102
,Li,3.297042695833334,0.0,0.28571428571428503
,Li,2.17403118833332,0.0,0.05
,Li,4.589655722083326,0.0,0.14285714285714202
,Li,4.623386763333333,0.125,0.17647058823529402
,Li,3.8857354683333343,0.0,0.16666666666666602
,Li,4.638056219583331,0.0,0.14285714285714202
,Li,3.654544198333329,0.125,0.17647058823529402
,Li,4.477156073333337,0.0,0.07142857142857101
,Li,4.339818750833335,0.0,0.16666666666666602
,Li,4.418341634583329,0.0,0.25
,Li,0.8973682083333301,0.30000000000000004,0.36363636363636304
,Li,3.936393839583332,0.0,0.266666666666666
,Li,4.253298993333336,0.0,0.16666666666666602
,Li,4.212237958333334,0.125,0.30000000000000004
,Li,2.985206258333325,0.0,0.11111111111111101
,Li,2.7571460283333282,0.1,0.18181818181818102
,Li,3.604207023333335,0.0,0.125
,Li,-0.228362461666672,0.0,0.047619047619047006
,Li,5.02722746333333,0.0,0.1
,Li,3.740409138333335,0.0,0.2
,Li,4.275043868333332,0.074074074074074,0.137931034482758
,Li,5.147194610833329,0.07692307692307601,0.14285714285714202
,Li,2.833137093333329,0.0,0.157894736842105
,Li,4.103281043333344,0.0,0.033333333333333
,Li,3.260944888333346,0.041666666666666005,0.08
,Li,2.579035872333331,0.09677419354838701,0.31707317073170704
,Li,3.367874135833323,0.0,0.07142857142857101
,Li,3.935767320000001,0.0,0.10714285714285701
,Li,1.536897748333307,0.0,0.052631578947368
,Li,0.846077313333336,0.0,0.125
,Li,2.71874485333331,0.0,0.035714285714285005
,Li,3.918219785833334,0.0,0.14285714285714202
,Li,2.91073086083333,0.0,0.1
,Li,2.985538178333333,0.14285714285714202,0.29411764705882304
,Li,4.523036058333327,0.0,0.14285714285714202
,Li,3.705493993333331,0.0,0.18181818181818102
,Li,3.421964729999999,0.0,0.25
,Li,2.708853593333335,0.14285714285714202,0.25
,Li,3.352561378333344,0.1,0.25
,Li,3.215108283333326,0.16666666666666602,0.25
,Li,3.581336318333332,0.14285714285714202,0.25
,Li,3.133320163333332,0.0,0.25
,Li,1.8995794862500022,0.18181818181818102,0.4
,Li,4.193871620000005,0.0,0.14285714285714202
,Li,2.9316822266666698,0.0,0.1875
,Li,3.031810886333333,0.0,0.29411764705882304
,Li,4.44789537333334,0.0,0.14285714285714202
,Li,3.259826515833333,0.0,0.25
,Li,4.209583463333335,0.0,0.14285714285714202
,Li,4.227073517083331,0.0,0.14285714285714202
,Li,3.303442371666666,0.0,0.2
,Li,4.371535495833332,0.0,0.14285714285714202
,Li,3.234838450833341,0.09523809523809501,0.17391304347826
,Li,3.632983723333329,0.0,0.14285714285714202
,Li,3.4882419683333312,0.0,0.14285714285714202
,Li,3.7128387158333322,0.0,0.14285714285714202
,Li,3.525724815833332,0.0,0.14285714285714202
,Li,3.401287198333325,0.0,0.1
,Li,3.646459799166668,0.0,0.14285714285714202
,Li,3.624887258333335,0.0,0.14285714285714202
,Li,3.56418499083333,0.0,0.14285714285714202
,Li,3.715208905833333,0.0,0.14285714285714202
,Li,3.648223253333332,0.0,0.14285714285714202
,Li,3.457182658333328,0.0,0.1
,Li,3.5440157033333373,0.0,0.1
,Li,4.110562959047623,0.0,0.17073170731707302
,Li,3.771389591666666,0.0,0.14285714285714202
,Li,3.741860560833335,0.0,0.1
,Li,3.48642522958333,0.0,0.14285714285714202
,Li,4.86968519458333,0.0,0.105263157894736
,Li,3.417082510833329,0.0,0.1
,Li,2.872942075833326,0.0,0.1
,Li,2.467452428333322,0.0,0.1
,Li,3.424569425833337,0.0,0.14285714285714202
,Li,4.016509958333335,0.0,0.14285714285714202
,Li,3.512807935833334,0.0,0.14285714285714202
,Li,4.230379848333333,0.0,0.14285714285714202
,Li,2.530034943333324,0.0,0.1
,Li,3.12444551708332,0.0,0.105263157894736
,Li,3.364612883333331,0.0,0.30000000000000004
,Li,2.361164226666673,0.0,0.054545454545454
,Li,2.525168405333334,0.0,0.12195121951219501
,Li,4.848313538333319,0.0,0.04
,Li,5.44851338333331,0.0,0.04
,Li,4.7301909233333435,0.0,0.016666666666666
,Li,4.703034463333329,0.0,0.01
,Li,4.853935323333336,0.0,0.05
,Li,2.820915793333331,0.2,0.25
,Li,2.193807233333335,0.11764705882352901,0.25
,Li,2.586613498333325,0.18181818181818102,0.25
,Li,3.176276870833338,0.0,0.14285714285714202
,Li,2.265703170833323,0.0,0.1
,Li,4.959120639583337,0.0,0.105263157894736
,Li,3.655905198333333,0.14285714285714202,0.25
,Li,4.279928578333338,0.14285714285714202,0.25
,Li,3.492839623333329,0.14285714285714202,0.2
,Li,3.793926473333347,0.210526315789473,0.25
,Li,4.090492618333333,0.16666666666666602,0.25
,Li,3.95228533833333,0.18181818181818102,0.25
,Li,3.888333513333326,0.13636363636363602,0.208333333333333
,Li,4.646636516666665,0.18181818181818102,0.25
,Li,3.101581335,0.14285714285714202,0.29411764705882304
,Li,3.795284795833329,0.16666666666666602,0.25
,Li,3.65688056333335,0.210526315789473,0.25
,Li,3.9638383083333553,0.17391304347826,0.208333333333333
,Li,3.8449426983333312,0.0,0.14285714285714202
,Li,4.394681173333315,0.15,0.17073170731707302
,Li,3.550336818333339,0.0,0.1
,Li,3.52621381083333,0.0,0.1
,Li,4.589749423333335,0.0,0.14285714285714202
,Li,4.231796610833332,0.0,0.14285714285714202
,Li,3.8733945583333202,0.0,0.1
,Li,3.699384154999998,0.14285714285714202,0.29411764705882304
,Li,4.007807863333345,0.0,0.07142857142857101
,Li,-0.35638757666665805,0.125,0.22222222222222202
,Li,3.20506030333333,0.5,0.533333333333333
,Li,4.070285803333331,0.11764705882352901,0.25
,Li,2.743494053333326,0.0,0.125
,Li,4.099811615000005,0.2,0.33333333333333304
,Li,12.29607954833333,0.1,0.18181818181818102
,Li,3.526588973333334,0.0,0.29411764705882304
,Li,3.108079183333335,0.0,0.04
,Li,4.805567533333336,0.0,0.14285714285714202
,Li,2.841710690833333,0.0,0.4
,Li,4.281442048333333,0.0,0.25
,Li,3.784825368333334,0.2,0.33333333333333304
,Li,3.743562981333336,0.42857142857142805,0.5
,Li,2.286055730000001,0.47368421052631504,0.5454545454545451
,Li,-4.121740726666668,0.21428571428571402,0.266666666666666
,Li,3.870906793333351,0.260869565217391,0.291666666666666
,Li,3.791891220833333,0.21428571428571402,0.3125
,Li,3.820130203333325,0.0,0.07142857142857101
,Li,2.929959300000002,0.21428571428571402,0.35294117647058804
,Li,3.958543983333325,0.2,0.33333333333333304
,Li,4.353848283333339,0.15,0.22727272727272702
,Li,3.088935448333335,0.13636363636363602,0.208333333333333
,Li,3.397737743333327,0.47368421052631504,0.5
,Li,0.54057900333331,0.0,0.047619047619047006
,Li,3.9325907833333322,0.0,0.25
,Li,3.625505245333333,0.25,0.36363636363636304
,Li,3.225624043333337,0.22727272727272702,0.34615384615384603
,Li,3.9344145683333283,0.1,0.18181818181818102
,Li,2.770255365000001,0.14285714285714202,0.29411764705882304
,Li,4.053925838333324,0.18181818181818102,0.25
,Li,3.88253365333333,0.40740740740740705,0.42857142857142805
,Li,4.901250173333328,0.0,0.017857142857142003
,Li,3.81678242333334,0.0,0.04
,Li,4.754017003333335,0.0,0.07142857142857101
,Li,3.713874333333327,0.2,0.25
,Li,2.9296060616666733,0.0,0.14285714285714202
,Li,3.626634613333327,0.0,0.08695652173913
,Li,5.228370930000006,0.0,0.115384615384615
,Li,3.404879943333331,0.0,0.14285714285714202
,Li,5.693091208333333,0.0,0.055555555555555004
,Li,5.059352748333332,0.0,0.134615384615384
,Li,5.745952458333339,0.0,0.055555555555555004
,Li,6.042174743333309,0.0,0.055555555555555004
,Li,5.367907433333333,0.0,0.09090909090909001
,Li,5.315603548333347,0.0,0.055555555555555004
,Li,4.379253335833316,0.0,0.07142857142857101
,Li,3.047521681666656,0.0,0.14285714285714202
,Li,3.491658535833328,0.0,0.14285714285714202
,Li,3.499170160833334,0.0,0.14285714285714202
,Li,4.569880425833337,0.09090909090909001,0.16666666666666602
,Li,4.4613581970833325,0.055555555555555004,0.15
,Li,3.3107124108333292,0.0,0.14285714285714202
,Li,5.642344833333372,0.057142857142857,0.08333333333333301
,Li,4.275677054583331,0.15384615384615302,0.266666666666666
,Li,3.123346320833325,0.0,0.055555555555555004
,Li,5.296846869999999,0.0,0.115384615384615
,Li,5.317063760833325,0.0,0.08695652173913
,Li,4.703430993333332,0.0,0.105263157894736
,Li,4.729566960833329,0.0,0.16666666666666602
,Li,-2.145915517916665,0.0,0.14285714285714202
,Li,3.446270226666667,0.0,0.14285714285714202
,Li,4.047701873833331,0.0,0.22727272727272702
,Li,-0.449608642916667,0.0,0.14285714285714202
,Li,4.609630938333315,0.0,0.052631578947368
,Li,5.2778281133333325,0.0,0.09090909090909001
,Li,3.812478795000008,0.0,0.115384615384615
,Li,4.521604664761903,0.0,0.17073170731707302
,Li,4.57292265833333,0.09090909090909001,0.16666666666666602
,Li,3.210455832499997,0.0,0.127659574468085
,Li,3.789180579583334,0.0,0.15384615384615302
,Li,5.459704825833331,0.0,0.1
,Li,5.186244598333336,0.0,0.09090909090909001
,Li,5.122848177500018,0.069767441860465,0.183673469387755
,Li,5.070616228333312,0.0,0.05
,Li,3.75695153333334,0.09090909090909001,0.16666666666666602
,Li,5.222903275833322,0.0,0.07142857142857101
,Li,5.964160693333331,0.0,0.055555555555555004
,Li,3.886222098333339,0.0,0.0625
,Li,4.685062900833334,0.0,0.16666666666666602
,Li,4.021490484583336,0.0,0.16666666666666602
,Li,3.233901318333328,0.0,0.108108108108108
,Li,3.6850577958333353,0.0,0.07142857142857101
,Li,4.150864134583334,0.0,0.16666666666666602
,Li,3.33833296833333,0.0,0.14285714285714202
,Li,6.073482713333324,0.0,0.09090909090909001
,Li,5.05266877583333,0.0,0.09090909090909001
,Li,4.779760743333331,0.15384615384615302,0.21428571428571402
,Li,3.552719033333336,0.0,0.14285714285714202
,Li,3.485911999999999,0.0,0.109090909090909
,Li,3.847418561666669,0.0,0.14285714285714202
,Li,5.228175245833346,0.0,0.09090909090909001
,Li,5.193776308333331,0.0,0.115384615384615
,Li,3.173812358333333,0.0,0.14285714285714202
,Li,3.817032748333336,0.07692307692307601,0.14285714285714202
,Li,5.039994360833337,0.055555555555555004,0.15
,Li,2.728835493333325,0.0,0.05
,Li,5.343613760833326,0.0,0.09090909090909001
,Li,4.980471823333336,0.0,0.09090909090909001
,Li,4.05246368833338,0.0,0.027777777777777003
,Li,4.5530003633333305,0.09090909090909001,0.16666666666666602
,Li,4.650400668333337,0.15384615384615302,0.21428571428571402
,Li,3.400948843333336,0.0,0.14285714285714202
,Li,4.764306250833333,0.15384615384615302,0.21428571428571402
,Li,4.888432900000002,0.0,0.115384615384615
,Li,5.371385828333307,0.0,0.055555555555555004
,Li,4.84617474333334,0.055555555555555004,0.15
,Li,2.958649803333334,0.0,0.074074074074074
,Li,3.974167163333338,0.0,0.08695652173913
,Li,4.476146758333333,0.0,0.033333333333333
,Li,4.625162528333338,0.2,0.25
,Li,4.882095496666669,0.0,0.115384615384615
,Li,4.819381000833336,0.15384615384615302,0.21428571428571402
,Li,3.932408963333327,0.0,0.16666666666666602
,Li,3.079887863333288,0.15,0.17073170731707302
,Li,3.313778293333333,0.0,0.14285714285714202
,Li,5.292931158333336,0.0,0.09090909090909001
,Li,2.881223538333334,0.0,0.045454545454545005
,Li,3.321968453333338,0.0,0.14285714285714202
,Li,4.055408742333343,0.069767441860465,0.16666666666666602
,Li,3.188486138333329,0.0,0.14285714285714202
,Li,2.679945040833336,0.22222222222222202,0.30000000000000004
,Li,3.33574072583333,0.0,0.14285714285714202
,Li,5.011994878333344,0.15384615384615302,0.21428571428571402
,Li,3.774391343333325,0.0,0.07142857142857101
,Li,3.144997068333343,0.0,0.1
,Li,4.060776314583333,0.0,0.145454545454545
,Li,2.660579385833334,0.0,0.1
,Li,2.90379491833333,0.0,0.14285714285714202
,Li,3.9572313316666663,0.0,0.15
,Li,2.635876797083331,0.0,0.14285714285714202
,Li,1.9665282433333051,0.15,0.19047619047619002
,Li,5.024749633333348,0.0,0.105263157894736
,Li,4.012802456190469,0.0,0.17073170731707302
,Li,3.25173819166666,0.0,0.15
,Li,4.215075326666668,0.0,0.15
,Li,3.503242440000002,0.0,0.15
,Li,2.954241255833335,0.0,0.14285714285714202
,Li,3.21590019333333,0.0,0.14285714285714202
,Li,5.005458034583317,0.0,0.105263157894736
,Li,3.761030858333332,0.0,0.130434782608695
,Li,4.920630242083338,0.0,0.105263157894736
,Li,2.506536440833319,0.0,0.1
,Li,4.203928567083335,0.0,0.14285714285714202
,Li,3.041144999999995,0.028571428571428,0.105263157894736
,Li,4.195978793333329,0.0,0.047619047619047006
,Li,3.149304093333332,0.0,0.055555555555555004
,Li,3.668856170833334,0.0,0.105263157894736
,Li,5.321085920000006,0.0,0.08333333333333301
,Li,3.908987278333332,0.08333333333333301,0.15384615384615302
,Li,5.37251290666666,0.0,0.08333333333333301
,Li,3.827047448333331,0.0,0.15
,Li,2.618652813333345,0.2,0.25
,Li,2.989814803333321,0.18181818181818102,0.25
,Li,3.318056148333331,0.0,0.14285714285714202
,Li,0.6853425433333531,0.0,0.047619047619047006
,Li,5.010498516666648,0.072164948453608,0.1
,Li,5.054418733333333,0.0,0.1
,Li,5.158822208333338,0.0,0.0625
,Li,2.884041040833328,0.1,0.18181818181818102
,Li,5.06306346833333,0.0,0.1
,Li,4.048538149583334,0.0,0.25
,Li,3.42389415833333,0.2,0.25
,Li,2.8148486308333363,0.14285714285714202,0.25
,Li,2.86456514833333,0.14285714285714202,0.25
,Li,4.9464746283333385,0.0,0.1
,Li,5.77852072333332,0.057142857142857,0.08333333333333301
,Li,4.998774048333321,0.10714285714285701,0.16666666666666602
,Li,4.034618058888881,0.0,0.115384615384615
,Li,3.386779793333336,0.0,0.09090909090909001
,Li,4.167374118333332,0.0,0.09090909090909001
,Li,3.231729919166662,0.0,0.15
,Li,3.656939134047617,0.0,0.134615384615384
,Li,3.2489993333333342,0.0,0.15
,Li,3.778906323333335,0.0,0.125
,Li,4.163988285833345,0.0,0.055555555555555004
,Li,4.070416788333351,0.0,0.08333333333333301
,Li,3.435459333333331,0.0,0.09090909090909001
,Li,3.7956606133333293,0.0,0.0625
,Li,3.252101548333333,0.0,0.09090909090909001
,Li,4.124307223333337,0.0,0.09090909090909001
,Li,3.762922580833337,0.08333333333333301,0.15384615384615302
,Li,3.450910178333335,0.0,0.07142857142857101
,Li,4.134637978333335,0.0,0.115384615384615
,Li,3.627473006666666,0.0,0.08333333333333301
,Li,3.826386038333344,0.0,0.052631578947368
,Li,3.455284078333325,0.08333333333333301,0.21428571428571402
,Li,3.085521598333334,0.0,0.11764705882352901
,Li,3.560031048333319,0.0,0.05
,Li,2.718938078333342,0.0,0.058823529411764004
,Li,3.146628045833329,0.0,0.09090909090909001
,Li,3.491818433333326,0.0,0.052631578947368
,Li,5.623618168333341,0.0,0.052631578947368
,Li,3.877521798333338,0.0,0.052631578947368
,Li,2.8925058783333433,0.0,0.027777777777777003
,Li,4.459960423333347,0.0,0.055555555555555004
,Li,2.819854748333317,0.0,0.055555555555555004
,Li,3.818591233333312,0.08333333333333301,0.15384615384615302
,Li,3.801658305833332,0.10714285714285701,0.16666666666666602
,Li,3.998809448333308,0.0,0.043478260869565
,Li,3.364947953333346,0.0,0.032258064516129004
,Li,3.979740985833335,0.0,0.08333333333333301
,Li,3.264194468333333,0.0,0.09090909090909001
,Li,4.444580570833328,0.0,0.055555555555555004
,Li,4.383969038333338,0.0,0.055555555555555004
,Li,3.532482913333344,0.055555555555555004,0.15
,Li,3.727103453333346,0.08333333333333301,0.15384615384615302
,Li,3.486961403333315,0.15384615384615302,0.21428571428571402
,Li,3.061772493333341,0.0,0.052631578947368
,Li,4.514129451666652,0.0,0.08333333333333301
,Li,3.34891097499999,0.0,0.115384615384615
,Li,3.349467478333342,0.0,0.09090909090909001
,Li,4.88869704083334,0.0,0.1
,Li,3.266083978333331,0.0,0.08333333333333301
,Li,3.606084213333323,0.0,0.08695652173913
,Li,3.014858348333331,0.0,0.125
,Li,3.363105178333332,0.2,0.25
,Li,2.395774813333337,0.0,0.07692307692307601
,Li,1.594363883333362,0.0,0.043478260869565
,Li,2.841571263333326,0.0,0.07692307692307601
,Li,1.588657053333354,0.0,0.05
,Li,1.774407688333331,0.0,0.22222222222222202
,Li,1.792864195333338,0.0,0.128205128205128
,Li,1.627855414761906,0.0,0.2
,Li,1.208739840833321,0.0,0.055555555555555004
,Li,1.567536918333345,0.0,0.081081081081081
,Li,1.209197143333335,0.33333333333333304,0.5
,Li,0.933241293333343,0.0,0.045454545454545005
,Li,-0.100668261666671,0.5,0.5454545454545451
,Li,1.643641445833343,0.0,0.0625
,Li,1.4360193458333341,0.0,0.0625
,Li,2.682646933333321,0.0,0.09090909090909001
,Li,2.123021795833343,0.0,0.09090909090909001
,Li,0.9823478333333401,0.11111111111111101,0.14285714285714202
,Li,-0.825405963333333,0.0,0.75
,Li,3.835749133333341,0.2,0.25
,Li,3.536261751666666,0.074074074074074,0.16666666666666602
,Li,3.00355375333334,0.15,0.19047619047619002
,Li,2.902760528333332,0.0,0.25
,Li,4.955458718333296,0.172413793103448,0.2
,Li,0.166616133333325,0.5,0.533333333333333
,Li,2.538882638333324,0.0,0.055555555555555004
,Li,2.589915228333329,0.08333333333333301,0.15384615384615302
,Li,1.370884925833342,0.0,0.105263157894736
,Li,2.492848928333334,0.052631578947368,0.1
,Li,1.113788783333324,0.0,0.066666666666666
,Li,1.638961890833319,0.0,0.055555555555555004
,Li,2.546903535833341,0.0,0.055555555555555004
,Li,1.987120456666668,0.069767441860465,0.183673469387755
,Li,2.737482648333331,0.0,0.055555555555555004
,Li,1.732906935833331,0.0,0.125
,Li,2.745027495000002,0.0,0.15
,Li,1.174597743333327,0.0,0.052631578947368
,Li,2.372356998333335,0.0,0.09090909090909001
,Li,2.2374575433333392,0.0625,0.11764705882352901
,Li,2.703044483333319,0.157894736842105,0.2
,Li,3.147598126666669,0.058823529411764004,0.2
,Li,3.126698679999998,0.058823529411764004,0.2
,Li,3.06065849333333,0.058823529411764004,0.2
,Li,2.706314253333322,0.157894736842105,0.2
,Li,1.858578728333339,0.0,0.14285714285714202
,Li,2.009731478333354,0.14,0.17307692307692302
,Li,1.660490643333337,0.14285714285714202,0.17647058823529402
,Li,1.634336758333333,0.044444444444444,0.15686274509803902
,Li,2.4703194908333312,0.0,0.14285714285714202
,Li,1.417898163333338,0.2,0.25
,Li,2.386320643333329,0.0,0.15
,Li,1.24519863583333,0.14285714285714202,0.25
,Li,3.13650689333333,0.0,0.14285714285714202
,Li,3.043945247083333,0.014705882352941001,0.11842105263157801
,Li,2.091732388333338,0.0,0.14285714285714202
,Li,1.778082363333316,0.105263157894736,0.15
,Li,1.7164657033333741,0.17391304347826,0.18571428571428503
,Li,2.172169343333334,0.0,0.25
,Li,1.774858533333334,0.0,0.25
,Li,1.177542803333328,0.0,0.04
,Li,3.076690683333331,0.0,0.4
,Li,3.283090283333332,0.0,0.4
,Li,3.7902155583333332,0.16666666666666602,0.25
,Li,3.548907773333342,0.23529411764705802,0.30357142857142805
,Li,3.772234513333335,0.159090909090909,0.22916666666666602
,Li,3.461818140333334,0.0,0.29411764705882304
,Li,3.70597174333334,0.2,0.25
,Li,4.042082598333342,0.0,0.07142857142857101
,Li,2.716354020833333,0.5,0.5454545454545451
,Li,3.876486978333333,0.0625,0.25
,Li,3.93364748833334,0.108108108108108,0.15384615384615302
,Li,3.654861770833332,0.125,0.22222222222222202
,Li,3.711697078333336,0.162790697674418,0.234042553191489
,Li,3.101379809999997,0.14285714285714202,0.29411764705882304
,Li,4.099164658333326,0.18181818181818102,0.25
,Li,2.976023002424239,0.47368421052631504,0.540229885057471
,Li,3.769117580833328,0.17307692307692302,0.232142857142857
,Li,3.259315803333334,0.25,0.4
,Li,4.717965313333342,0.0,0.043478260869565
,Li,3.947005963333314,0.0,0.05
,Li,3.51241752333333,0.0,0.125
,Li,3.9385746633333323,0.0,0.25
,Li,3.065886653333331,0.11764705882352901,0.347826086956521
,Li,3.7760492383333353,0.1,0.25
,Li,5.268835358333338,0.0,0.07142857142857101
,Li,4.971688053333335,0.0,0.14285714285714202
,Li,5.121817229999999,0.0,0.115384615384615
,Li,4.347283045833326,0.0,0.097560975609756
,Li,4.685555025833335,0.055555555555555004,0.22727272727272702
,Li,4.545262138333361,0.0,0.05
,Li,4.954485295833335,0.0,0.14285714285714202
,Li,5.927386015833339,0.0,0.055555555555555004
,Li,4.9475653683333345,0.055555555555555004,0.15
,Li,5.626220163333333,0.0,0.105263157894736
,Li,5.014135900833328,0.0,0.09090909090909001
,Li,4.210608743333329,0.0,0.097560975609756
,Li,4.829746068333354,0.0,0.026315789473684
,Li,4.44047234333333,0.0,0.08
,Li,7.475387763333335,0.0,0.09090909090909001
,Li,4.930101610833336,0.0,0.08695652173913
,Li,5.233454993333344,0.0,0.05
,Li,8.234363788333331,0.0,0.074074074074074
,Li,4.61391850645833,0.055555555555555004,0.22727272727272702
,Li,6.052737923333344,0.0,0.055555555555555004
,Li,4.954802378333331,0.0,0.14285714285714202
,Li,5.435916183333323,0.0,0.043478260869565
,Li,5.18405965333334,0.0,0.07142857142857101
,Li,5.066259283333328,0.0,0.07142857142857101
,Li,4.9806822308333425,0.15384615384615302,0.21428571428571402
,Li,4.690572925833327,0.0,0.055555555555555004
,Li,5.36230047833333,0.0,0.09090909090909001
,Li,5.449055136458332,0.0,0.15384615384615302
,Li,4.835588507083334,0.0,0.108108108108108
,Li,4.834790620833336,0.055555555555555004,0.15
,Li,6.065936645833337,0.09090909090909001,0.16666666666666602
,Li,6.023974763333332,0.0,0.105263157894736
,Li,5.13654329333335,0.0,0.055555555555555004
,Li,4.940689533333331,0.15384615384615302,0.21428571428571402
,Li,5.694637030833332,0.0,0.16666666666666602
,Li,5.959006788333346,0.0,0.058823529411764004
,Li,6.098538643333327,0.0,0.115384615384615
,Li,5.147823918333334,0.0,0.115384615384615
,Li,5.268361598333333,0.0,0.0625
,Li,5.193559003333324,0.0,0.09090909090909001
,Li,5.060933100833329,0.0,0.08695652173913
,Li,4.973678315833331,0.15384615384615302,0.266666666666666
,Li,4.916421169583335,0.055555555555555004,0.15
,Li,5.066215665555551,0.05813953488372001,0.147368421052631
,Li,5.069874553333325,0.0,0.14285714285714202
,Li,4.157002860833335,0.0,0.074074074074074
,Li,7.05553710895833,0.0,0.14285714285714202
,Li,5.472516511666664,0.0,0.127659574468085
,Li,5.82735563333333,0.045454545454545005,0.08695652173913
,Li,5.141733410833329,0.09090909090909001,0.16666666666666602
,Li,5.027659912083327,0.0,0.16666666666666602
,Li,4.725953423333327,0.09090909090909001,0.16666666666666602
,Li,5.481116533333325,0.0,0.09090909090909001
,Li,4.824455048333324,0.0,0.09090909090909001
,Li,5.069943593333339,0.0,0.07142857142857101
,Li,5.720078012083324,0.0,0.16666666666666602
,Li,4.6771242433333144,0.0,0.027777777777777003
,Li,4.925171425833331,0.0,0.14285714285714202
,Li,5.815260435833342,0.0,0.07142857142857101
,Li,5.831597953333334,0.0,0.07142857142857101
,Li,5.065938405000002,0.0,0.115384615384615
,Li,5.007095733333334,0.0,0.14285714285714202
,Li,5.751060565833332,0.0,0.07142857142857101
,Li,4.307069493333306,0.0,0.05
,Li,4.924767253333333,0.07692307692307601,0.14285714285714202
,Li,4.709062583333339,0.09090909090909001,0.16666666666666602
,Li,4.494455401333339,0.0,0.106382978723404
,Li,3.320146145833331,0.0,0.14285714285714202
,Li,3.720390370833333,0.0,0.14285714285714202
,Li,2.506699007083338,0.0,0.14285714285714202
,Li,3.9228222908333272,0.0,0.1
,Li,1.786805593333331,0.0,0.0625
,Li,5.059151570833341,0.0,0.06451612903225801
,Li,4.277841093333326,0.0,0.1
,Li,4.188687993333336,0.15,0.19047619047619002
,Li,3.965149778333331,0.0,0.14285714285714202
,Li,3.478982757619044,0.0,0.17073170731707302
,Li,3.119846650833336,0.0,0.14285714285714202
,Li,2.774079743333335,0.0,0.14285714285714202
,Li,3.378373523333327,0.0,0.058823529411764004
,Li,5.483738657708334,0.0,0.15384615384615302
,Li,5.203199792708337,0.0,0.105263157894736
,Li,5.026555798333338,0.0,0.055555555555555004
,Li,5.207700085833329,0.0,0.105263157894736
,Li,5.297736993333335,0.0,0.08333333333333301
,Li,5.3185460566666665,0.0,0.08333333333333301
,Li,4.149162853333341,0.2,0.25
,Li,4.501480338333327,0.2,0.25
,Li,4.612755223333328,0.2,0.25
,Li,4.628999493333343,0.2,0.25
,Li,3.418978985833331,0.14285714285714202,0.25
,Li,3.852479748333334,0.14285714285714202,0.25
,Li,3.680825623333331,0.14285714285714202,0.25
,Li,3.8811237945833352,0.0,0.14285714285714202
,Li,3.65246461833333,0.14285714285714202,0.25
,Li,3.652731923333338,0.2,0.25
,Li,0.9278179566666571,0.14285714285714202,0.186440677966101
,Li,3.674954188333335,0.2,0.25
,Li,3.810261408333336,0.2,0.25
,Li,1.503900673333338,0.0,0.047619047619047006
,Li,2.856987448333332,0.0,0.14285714285714202
,Li,3.298424103333308,0.2,0.25
,Li,2.319858578333328,0.0,0.1
,Li,4.936968248333334,0.0,0.15384615384615302
,Li,2.502047823333332,0.0,0.18181818181818102
,Li,1.895683458333335,0.0,0.14285714285714202
,Li,1.480381053333322,0.0,0.05
,Li,3.002796268333331,0.0,0.07692307692307601
,Li,1.423565363333343,0.0,0.11111111111111101
,Li,1.2694732783333411,0.0,0.07142857142857101
,Li,3.589833520833328,0.10714285714285701,0.16666666666666602
,Li,3.939632253333333,0.0,0.09090909090909001
,Li,5.080469228333347,0.0,0.055555555555555004
,Li,3.876963588333329,0.0,0.09090909090909001
,Li,4.691081915833327,0.0,0.055555555555555004
,Li,5.051050643333331,0.0,0.055555555555555004
,Li,4.7075938208333294,0.0,0.055555555555555004
,Li,5.055100173333334,0.0,0.055555555555555004
,Li,4.8156848183333425,0.0,0.09090909090909001
,Li,4.472202453333357,0.0,0.055555555555555004
,Li,4.727010368333329,0.0,0.055555555555555004
,Li,4.81502730083334,0.0,0.08695652173913
,Li,4.24669951333333,0.0,0.055555555555555004
,Li,3.2546265016666682,0.0,0.15
,Li,3.225564713333345,0.055555555555555004,0.15
,Li,3.393597388333323,0.0,0.041666666666666005
,Li,-1.860015116666668,0.038461538461538006,0.10714285714285701
,Li,4.577101773333344,0.0,0.09090909090909001
,Li,4.444165668333331,0.0,0.055555555555555004
,Li,3.013042998333337,0.0,0.09090909090909001
,Li,4.992434318333342,0.0,0.055555555555555004
,Li,2.95361584583333,0.0,0.09090909090909001
,Li,3.654302953333332,0.0,0.09090909090909001
,Li,3.412130130833337,0.08333333333333301,0.21428571428571402
,Li,4.489101543333324,0.0,0.055555555555555004
,Li,3.300687963333336,0.069767441860465,0.183673469387755
,Li,5.090863035833341,0.0,0.055555555555555004
,Li,3.273391006666666,0.0,0.15
,Li,2.641311488333333,0.0,0.125
,Li,3.790424333333339,0.0,0.05
,Li,1.712555533333334,0.0,0.09090909090909001
,Li,3.476176095833342,0.041666666666666005,0.115384615384615
,Li,2.332615709583327,0.055555555555555004,0.15
,Li,1.697240438333343,0.0,0.09090909090909001
,Li,4.358611948333338,0.0,0.07142857142857101
,Li,3.868773603333328,0.055555555555555004,0.105263157894736
,Li,4.131818248333336,0.0,0.0625
,Li,4.156778673333325,0.0,0.07142857142857101
,Li,3.364304023333351,0.074074074074074,0.10714285714285701
,Li,4.099924683333346,0.055555555555555004,0.105263157894736
,Li,4.572717048333321,0.0,0.0625
,Li,2.786469153333333,0.0,0.07142857142857101
,Li,4.529398400833334,0.09090909090909001,0.16666666666666602
,Li,2.7716161508333292,0.0,0.055555555555555004
,Li,3.470468128333341,0.0,0.07142857142857101
,Li,4.166575103333348,0.0,0.043478260869565
,Li,3.871429943333287,0.0,0.026315789473684
,Li,4.429509535833337,0.0,0.14285714285714202
,Li,3.93069426833333,0.0,0.05
,Li,2.438786678333334,0.055555555555555004,0.15
,Li,3.522574895833334,0.0,0.07142857142857101
,Li,3.09975277833333,0.0,0.055555555555555004
,Li,3.256758358333319,0.0,0.055555555555555004
,Li,2.955058313333315,0.0,0.055555555555555004
,Li,1.880977653333336,0.130434782608695,0.183673469387755
,Li,2.615450627083338,0.0,0.14285714285714202
,Li,2.522546725833327,0.0,0.1
,Li,2.557258880833335,0.0,0.1
,Li,3.800237403333317,0.045454545454545005,0.08695652173913
,Li,2.928506388333351,0.0,0.055555555555555004
,Li,2.6458167883333252,0.0,0.07142857142857101
,Li,2.944444275833324,0.0,0.055555555555555004
,Li,2.032772578333355,0.0,0.05
,Li,3.235353588333343,0.0,0.055555555555555004
,Li,1.6251199570833321,0.055555555555555004,0.15
,Li,0.8504367008333321,0.0,0.14285714285714202
,Li,2.642043108333339,0.0,0.15
,Li,1.9430905483333352,0.0,0.09090909090909001
,Li,2.703610688333331,0.0,0.055555555555555004
,Li,33.06577115833334,0.055555555555555004,0.15
,Li,1.598925693333332,0.0,0.09090909090909001
,Li,1.285129602083335,0.055555555555555004,0.15
,Li,1.485666168333329,0.0,0.09090909090909001
,Li,2.343681571333336,0.028571428571428,0.15
,Li,5.370006610833333,0.0,0.08695652173913
,Li,2.455224193333326,0.0,0.026315789473684
,Li,4.012412478333329,0.0,0.125
,Li,3.832105108333334,0.0,0.125
,Li,2.973455428888887,0.0,0.20930232558139503
,Li,2.655799505833333,0.0,0.08695652173913
,Li,3.163282101458333,0.0,0.19047619047619002
,Li,4.387062008333335,0.0,0.09090909090909001
,Li,4.091716760833326,0.0,0.105263157894736
,Li,4.784154748333326,0.0,0.055555555555555004
,Li,3.883292353333336,0.0,0.09090909090909001
,Li,4.142220825833329,0.069767441860465,0.183673469387755
,Li,3.480475828333344,0.0,0.09090909090909001
,Li,4.032565223333333,0.0,0.125
,Li,4.476897383333328,0.0,0.09090909090909001
,Li,2.292511645833326,0.0,0.14285714285714202
,Li,5.093885785833341,0.0,0.08695652173913
,Li,4.467424198333338,0.0,0.055555555555555004
,Li,4.26271734833333,0.10714285714285701,0.16666666666666602
,Li,4.332005802222222,0.0,0.115384615384615
,Li,2.647418473333336,0.0,0.0625
,Li,2.701183733333336,0.0,0.115384615384615
,Li,1.973715813333347,0.0,0.033333333333333
,Li,4.875956493333324,0.0,0.05
,Li,4.284778378333304,0.0,0.055555555555555004
,Li,3.161477798333334,0.0,0.125
,Li,4.568068373333323,0.0,0.055555555555555004
,Li,2.908027082083333,0.0,0.16666666666666602
,Li,4.13852687583334,0.0,0.07142857142857101
,Li,3.487044063333333,0.0,0.09090909090909001
,Li,3.601397705833325,0.0,0.09090909090909001
,Li,3.9467562133333343,0.08333333333333301,0.21428571428571402
,Li,3.8496719158333312,0.08333333333333301,0.21428571428571402
,Li,2.408275798333332,0.0,0.14285714285714202
,Li,3.885769387083333,0.08333333333333301,0.21428571428571402
,Li,4.420369633333341,0.052631578947368,0.1
,Li,3.707869343333333,0.055555555555555004,0.15
,Li,2.780152095833334,0.0,0.16666666666666602
,Li,4.1060685133333354,0.0,0.134615384615384
,Li,4.761070423333312,0.0,0.055555555555555004
,Li,3.778100145833325,0.08333333333333301,0.15384615384615302
,Li,3.205888788333316,0.0,0.033333333333333
,Li,3.106591852083338,0.0,0.22222222222222202
,Li,3.203968088333316,0.0,0.058823529411764004
,Li,3.303525773333381,0.0,0.027777777777777003
,Li,2.672491773333324,0.0,0.07142857142857101
,Li,4.404106558333329,0.0,0.115384615384615
,Li,4.733139288333338,0.08333333333333301,0.15384615384615302
,Li,3.697573206666672,0.08333333333333301,0.21428571428571402
,Li,3.946934458333335,0.0,0.09090909090909001
,Li,4.835385495833326,0.0,0.055555555555555004
,Li,3.398709913333339,0.0,0.07142857142857101
,Li,3.990402845833335,0.08333333333333301,0.21428571428571402
,Li,5.045728303333339,0.0,0.055555555555555004
,Li,4.039884624999999,0.0,0.115384615384615
,Li,3.075299818333331,0.0,0.16666666666666602
,Li,3.815353475833331,0.0,0.125
,Li,2.176045970833333,0.0,0.14285714285714202
,Li,3.038230903333332,0.0,0.08695652173913
,Li,4.406634853333334,0.0,0.09090909090909001
,Li,3.648990778333339,0.0,0.125
,Li,2.402976733333333,0.0,0.1
,Li,6.5545421333333325,0.10714285714285701,0.16666666666666602
,Li,4.797773008333313,0.0,0.055555555555555004
,Li,3.273639053333331,0.0,0.125
,Li,2.760444800833331,0.0,0.07142857142857101
,Li,2.97214028904762,0.0,0.147368421052631
,Li,-7.754751246666666,0.0,0.055555555555555004
,Li,1.9146943583333251,0.0,0.05
,Li,2.199291855833327,0.0,0.108108108108108
,Li,2.8523138683333342,0.0,0.15
,Li,2.325715218333333,0.0,0.08333333333333301
,Li,2.437400798333333,0.0,0.09090909090909001
,Li,-0.390016959166667,0.0,0.14285714285714202
,Li,3.905709743333337,0.0,0.09090909090909001
,Li,4.324098218333323,0.0,0.1
,Li,3.99255456083333,0.0,0.15384615384615302
,Li,3.321323933333336,0.0,0.055555555555555004
,Li,2.441938096666674,0.0,0.15
,Li,2.74946201833333,0.08333333333333301,0.21428571428571402
,Li,3.386715633333328,0.0,0.055555555555555004
,Li,4.2945965358333265,0.0,0.08695652173913
,Li,2.399222200000001,0.0,0.15
,Li,3.078843903333312,0.0,0.055555555555555004
,Li,3.359644376666669,0.0,0.08333333333333301
,Li,3.300361713333306,0.0,0.052631578947368
,Li,5.209955310833327,0.0,0.052631578947368
,Li,3.731651703333331,0.0,0.08333333333333301
,Li,3.569931093333314,0.0,0.055555555555555004
,Li,3.640418583333319,0.0,0.055555555555555004
,Li,3.609460312222221,0.0,0.183673469387755
,Li,3.454162300833336,0.0,0.052631578947368
,Li,3.507538313333332,0.0,0.055555555555555004
,Li,3.293049355833322,0.0,0.052631578947368
,Li,3.609238855833329,0.0,0.08333333333333301
,Li,1.190390703333325,0.0,0.04
,Li,4.947659528333336,0.0,0.08333333333333301
,Mg,0.013563235173611,0.833333333333333,0.9933333333333331
,Mg,0.04279252,0.0,0.833333333333333
,Mg,-0.005600952500000001,0.6666666666666661,0.75
,Mg,0.10977936,0.0,0.25
,Mg,3.107069679999999,0.0,0.07142857142857101
,Mg,0.8918404400000001,0.0,0.1
,Mg,2.477958845,0.0,0.09090909090909001
,Mg,1.995014199999997,0.0,0.09090909090909001
,Mg,1.588476584999996,0.0,0.11111111111111101
,Mg,1.9913724200000031,0.0,0.11111111111111101
,Mg,1.560118215000007,0.0,0.052631578947368
,Mg,1.066483930000008,0.0,0.05
,Mg,-0.765255379999994,0.0,0.023255813953488
,Mg,0.50623911,0.0,0.11111111111111101
,Mg,1.337737565,0.0,0.2
,Mg,2.782204559999994,0.0,0.09090909090909001
,Mg,1.821216590000003,0.0,0.07692307692307601
,Mg,2.786178579999995,0.0,0.07692307692307601
,Mg,-0.611713850000003,0.0,0.058823529411764004
,Mg,-0.40849759500000205,0.0,0.052631578947368
,Mg,3.292846325000003,0.0,0.0625
,Mg,3.314064120000002,0.0,0.0625
,Mg,0.271132440000006,0.0,0.058823529411764004
,Mg,1.689100880000002,0.0,0.04
,Mg,0.958701035000001,0.0,0.11111111111111101
,Mg,1.012273223749999,0.0,0.2
,Mg,0.43906438500000106,0.0,0.2
,Mg,0.47162017999999906,0.0,0.11111111111111101
,Mg,2.368747029999999,0.0,0.066666666666666
,Mg,2.037356144999997,0.0,0.09090909090909001
,Mg,0.7125510699999941,0.0,0.04
,Mg,-0.40944157500000505,0.0,0.058823529411764004
,Mg,0.224679640000002,0.0,0.058823529411764004
,Mg,-0.07305402500000001,0.0,0.066666666666666
,Mg,2.588224794999992,0.0,0.04
,Mg,2.936252144999994,0.0,0.09090909090909001
,Mg,1.029108547500002,0.0,0.11111111111111101
,Mg,-0.35100510500000104,0.0,0.066666666666666
,Mg,-0.831519414999997,0.0,0.16666666666666602
,Mg,1.319241264999999,0.0,0.11111111111111101
,Mg,1.4377546900000011,0.0,0.2
,Mg,0.42907332999999803,0.0,0.09090909090909001
,Mg,1.983877109999995,0.0,0.066666666666666
,Mg,1.359570104999993,0.0,0.025641025641025002
,Mg,0.942117829999998,0.0,0.2
,Mg,1.584813175000005,0.0,0.047619047619047006
,Mg,1.111679329999998,0.0,0.09090909090909001
,Mg,1.985599804999997,0.0,0.09090909090909001
,Mg,0.7133899950000041,0.0,0.052631578947368
,Mg,-0.275651014999989,0.0,0.052631578947368
,Mg,1.444970954999999,0.0,0.09090909090909001
,Mg,0.5707641600000001,0.0,0.058823529411764004
,Mg,0.470590519999999,0.0,0.07692307692307601
,Mg,2.287150924999996,0.0,0.066666666666666
,Mg,0.13944845500000402,0.0,0.058823529411764004
,Mg,1.080438254999994,0.0,0.05
,Mg,1.395848474999998,0.0,0.030303030303030002
,Mg,1.14492838,0.0,0.029411764705882002
,Mg,1.9849177650000032,0.0,0.09090909090909001
,Mg,1.9410441624999961,0.0,0.058823529411764004
,Mg,2.204671004999999,0.0,0.058823529411764004
,Mg,-0.921675749999994,0.0,0.07692307692307601
,Mg,-0.7404989149999981,0.0,0.066666666666666
,Mg,0.8533669700000001,0.0,0.066666666666666
,Mg,-0.6182778600000011,0.0,0.066666666666666
,Mg,-0.027978557857142,0.0,0.875
,Mg,-0.442155805000001,0.0,0.07692307692307601
,Mg,1.8568837849999982,0.0,0.09090909090909001
,Mg,0.004713265000004001,0.0,0.07692307692307601
,Mg,0.6864545750000001,0.0,0.14285714285714202
,Mg,1.810601389999992,0.0,0.07692307692307601
,Mg,-0.008104269999999001,0.0,0.058823529411764004
,Mg,-0.527639389999999,0.0,0.058823529411764004
,Mg,0.042631250416666,0.0,0.75
,Mg,3.626778069999997,0.0,0.125
,Mg,-0.042524104999993005,0.0,0.029411764705882002
,Mg,4.4945220699999995,0.157894736842105,0.2
,Mg,1.366229344999998,0.0,0.027027027027027
,Mg,2.615100289999998,0.0,0.058823529411764004
,Mg,-1.454614404999996,0.0,0.07692307692307601
,Mg,-0.8637646549999991,0.0,0.07692307692307601
,Mg,3.522880368749999,0.0,0.125
,Mg,2.108736234999999,0.0,0.055555555555555004
,Mg,3.760114720000002,0.0,0.0625
,Mg,0.36369729499999803,0.0,0.11111111111111101
,Mg,2.807210189999996,0.0,0.09090909090909001
,Mg,1.597001914999997,0.0,0.055555555555555004
,Mg,-0.844139059999998,0.0,0.058823529411764004
,Mg,-0.9756937700000021,0.0,0.07692307692307601
,Mg,2.526862200000001,0.0,0.125
,Mg,4.329572010833336,0.0,0.115384615384615
,Mg,-0.8778029849999971,0.0,0.07692307692307601
,Mg,2.6609406850000012,0.0,0.125
,Mg,2.081670270000008,0.0,0.05
,Mg,2.824224262500001,0.0,0.125
,Mg,1.603665259999997,0.0,0.04
,Mg,1.113663988749999,0.0,0.2
,Mg,0.436874405000002,0.0,0.11111111111111101
,Mg,-1.482918565000001,0.0,0.052631578947368
,Mg,2.4355446400000083,0.0,0.034482758620689
,Mg,0.530628085000008,0.0,0.027027027027027
,Mg,-0.263861659999998,0.0,0.07692307692307601
,Mg,-1.193994609999985,0.0,0.027027027027027
,Mg,1.995242174999998,0.0,0.14285714285714202
,Mg,4.677247001250003,0.0,0.1
,Mg,2.876824764999999,0.0,0.07142857142857101
,Mg,0.051757750000001004,0.0,0.11111111111111101
,Mg,-0.133836995000001,0.0,0.09090909090909001
,Mg,0.13660131,0.0,0.09090909090909001
,Mg,-0.057527934999998004,0.0,0.09090909090909001
,Mg,-0.83182246,0.0,0.08333333333333301
,Mg,-1.6636772449999981,0.0,0.032258064516129004
,Mg,-0.7755421099999991,0.0,0.041666666666666005
,Mg,-0.327912715000006,0.0,0.1
,Mg,-0.077230144999996,0.0,0.043478260869565
,Mg,0.09477681500000001,0.0,0.09090909090909001
,Mg,-1.458213609999997,0.0,0.0625
,Mg,-1.220350250000005,0.0,0.1
,Mg,-0.08165929000000001,0.0,0.05
,Mg,1.222133375000003,0.0,0.052631578947368
,Mg,-0.09662459999999999,0.0,0.09090909090909001
,Mg,3.393985980000001,0.0,0.07142857142857101
,Mg,0.875354059999996,0.0,0.05
,Mg,-0.095015619999993,0.0,0.05
,Mg,2.47726674333333,0.0,0.130434782608695
,Mg,2.8467110699999982,0.0,0.105263157894736
,Mg,-0.5367936774999951,0.0,0.09090909090909001
,Mg,4.302216644999992,0.0,0.05
,Mg,-0.8900729499999991,0.0,0.1
,Mg,4.958050383749997,0.0,0.1
,Mg,-0.509468315000002,0.0,0.09090909090909001
,Mg,2.216978399999999,0.0,0.07142857142857101
,Mg,0.886493432499993,0.0,0.07142857142857101
,Mg,-1.376387085,0.0,0.058823529411764004
,Mg,0.48155083999999404,0.0,0.0625
,Mg,0.47989794500000205,0.0,0.0625
,Mg,4.907663255,0.0,0.05
,Mg,3.887682542499999,0.0,0.05
,Mg,2.722294705,0.0,0.05
,Mg,1.803880329999995,0.0,0.05
,Mg,-0.451890245000003,0.0,0.1
,Mg,0.11648449999999601,0.0,0.07142857142857101
,Mg,-0.8768489700000001,0.0,0.11111111111111101
,Mg,0.49047285,0.0,0.0625
,Mg,0.084001685000001,0.0,0.07142857142857101
,Mg,-0.7935294449999991,0.0,0.066666666666666
,Mg,-0.370593784999999,0.0,0.1
,Mg,-0.5950047699999981,0.0,0.066666666666666
,Mg,0.5831860000000021,0.0,0.058823529411764004
,Mg,0.36215876,0.0,0.11111111111111101
,Mg,0.48614095500000004,0.0,0.0625
,Mg,-1.062355854999988,0.0,0.052631578947368
,Mg,0.11531267999999902,0.0,0.07142857142857101
,Mg,0.5923077049999971,0.0,0.09090909090909001
,Mg,-1.502003659999995,0.0,0.1
,Mg,0.059879354999997005,0.0,0.07142857142857101
,Mg,0.48296650500000404,0.0,0.0625
,Mg,0.09650043000000301,0.0,0.07142857142857101
,Mg,0.488914034999997,0.0,0.0625
,Mg,0.356358199999999,0.0,0.07142857142857101
,Mg,-1.875723314999997,0.0,0.09090909090909001
,Mg,-1.407039469999996,0.0,0.09090909090909001
,Mg,-1.8941001900000052,0.0,0.09090909090909001
,Mg,-1.373085155000001,0.0,0.09090909090909001
,Mg,-1.031032964999997,0.0,0.09090909090909001
,Mg,0.706776100000003,0.0,0.023255813953488
,Mg,3.392384753749998,0.0,0.1
,Mg,2.525042998750003,0.0,0.1
,Mg,-0.25571316249999604,0.0,0.09090909090909001
,Mg,4.019066579999998,0.0,0.07142857142857101
,Mg,-0.14445227999999802,0.0,0.066666666666666
,Mg,0.609573074999997,0.0,0.066666666666666
,Mg,-0.48148268250000303,0.0,0.09090909090909001
,Mg,-1.079318629999998,0.0,0.066666666666666
,Mg,0.300066545000004,0.0,0.066666666666666
,Mg,-1.4236536850000001,0.0,0.09090909090909001
,Mg,-0.760864520000008,0.0,0.052631578947368
,Mg,-1.8860108050000002,0.0,0.09090909090909001
,Mg,-1.388848435000002,0.0,0.09090909090909001
,Mg,0.69054902999999,0.0,0.05
,Mg,0.8705836274999871,0.0,0.05
,Mg,-1.8269112200000022,0.0,0.09090909090909001
,Mg,0.34463017499999604,0.0,0.05
,Mg,-1.9100507599999992,0.0,0.09090909090909001
,Mg,-1.320391660000001,0.0,0.09090909090909001
,Mg,-1.381536622500003,0.0,0.0625
,Mg,-0.42500461999999806,0.0,0.07692307692307601
,Mg,1.658832814999994,0.0,0.07142857142857101
,Mg,3.079216220000003,0.0,0.07142857142857101
,Mg,1.03211353250001,0.0,0.07142857142857101
,Mg,2.574455739999994,0.0,0.11111111111111101
,Mg,0.8643481100000021,0.0,0.0625
,Mg,-1.317170769999999,0.0,0.022222222222222
,Mg,2.730004264999995,0.0,0.055555555555555004
,Mg,-0.6110715549999971,0.0,0.07142857142857101
,Mg,-0.595224159999996,0.0,0.066666666666666
,Mg,0.24799203500000003,0.0,0.07692307692307601
,Mg,1.860083355000004,0.0,0.07142857142857101
,Mg,-0.108241744999996,0.0,0.023255813953488
,Mg,0.152388089999992,0.0,0.07692307692307601
,Mg,1.347445975000003,0.0,0.030303030303030002
,Mg,-0.18704682249999602,0.0,0.09090909090909001
,Mg,0.780414275000002,0.0,0.04
,Mg,-1.860323285000002,0.0,0.09090909090909001
,Mg,-1.844063659999999,0.0,0.07142857142857101
,Mg,-0.318813255000004,0.0,0.052631578947368
,Mg,-1.8039734449999991,0.0,0.09090909090909001
,Mg,-0.9573036650000001,0.0,0.0625
,Mg,-1.9029076900000021,0.0,0.09090909090909001
,Mg,-1.335031039999999,0.0,0.09090909090909001
,Mg,-1.86748993,0.0,0.09090909090909001
,Mg,-1.4854022500000021,0.0,0.0625
,Mg,0.595345379999998,0.0,0.09090909090909001
,Mg,1.630166270000001,0.0,0.07142857142857101
,Mg,3.060424194999995,0.0,0.130434782608695
,Mg,0.922295500000001,0.0,0.066666666666666
,Mg,-0.615985034999996,0.0,0.052631578947368
,Mg,1.513960529999995,0.0,0.07142857142857101
,Mg,0.708268760000003,0.0,0.1
,Mg,-1.486538410000004,0.0,0.09090909090909001
,Mg,-1.425709990000004,0.0,0.09090909090909001
,Mg,-1.392087255000002,0.0,0.09090909090909001
,Mg,0.5840787850000071,0.0,0.043478260869565
,Mg,2.285979049999999,0.0,0.07142857142857101
,Mg,-0.541139875000001,0.0,0.125
,Mg,0.46346085000000103,0.0,0.07142857142857101
,Mg,-1.5206969550000011,0.0,0.055555555555555004
,Mg,-1.9946869599999981,0.0,0.09090909090909001
,Mg,0.286602546666666,0.0,0.130434782608695
,Mg,0.861100595,0.0,0.105263157894736
,Mg,-0.34049296499999804,0.0,0.07142857142857101
,Mg,2.13619614,0.0,0.07142857142857101
,Mg,-1.235898784999999,0.0,0.09090909090909001
,Mg,0.334554770000001,0.0,0.07692307692307601
,Mg,1.239941390000003,0.0,0.07142857142857101
,Mg,0.25297383500000303,0.0,0.07692307692307601
,Mg,-0.42114274500000703,0.0,0.09090909090909001
,Mg,-2.402671820000001,0.0,0.09090909090909001
,Mg,0.356266549999998,0.0,0.066666666666666
,Mg,0.46711921500000103,0.0,0.047619047619047006
,Mg,0.011223024999999,0.833333333333333,0.875
,Mg,-0.011280747499999001,0.5,0.833333333333333
,Mg,0.013863587263513001,0.5,0.9933333333333331
,Mg,0.1032629575,0.6666666666666661,0.75
,Mg,0.022819138749999003,0.0,0.6666666666666661
,Mg,0.07716785500000001,0.0,0.75
,Mg,0.38855074250000005,0.0,0.5
,Mg,2.662818240000004,0.0,0.07692307692307601
,Mg,2.012121205000004,0.0,0.052631578947368
,Mg,3.173355574999999,0.0,0.07692307692307601
,Mg,3.282820945625002,0.0,0.125
,Mg,3.4816676849999952,0.0,0.125
,Mg,2.177620077499999,0.0,0.07692307692307601
,Mg,0.6180516499999991,0.0,0.16666666666666602
,Mg,-1.028765474999995,0.0,0.066666666666666
,Mg,2.514861635,0.0,0.066666666666666
,Mg,1.5107615099999991,0.0,0.07692307692307601
,Mg,4.577120697500001,0.0,0.14285714285714202
,Mg,2.405667025000004,0.0,0.066666666666666
,Mg,2.940580099999995,0.0,0.052631578947368
,Mg,2.328974675000002,0.0,0.052631578947368
,Mg,2.516350212499998,0.0,0.1
,Mg,0.27582590499999804,0.0,0.16666666666666602
,Mg,2.932381515,0.0,0.07692307692307601
,Mg,0.768922270000009,0.0,0.058823529411764004
,Mg,3.02762610875,0.0,0.125
,Mg,1.165383355000007,0.0,0.052631578947368
,Mg,2.10442526,0.0,0.09090909090909001
,Mg,1.537949309999999,0.0,0.07692307692307601
,Mg,-0.8030901299999961,0.0,0.09090909090909001
,Mg,1.734955255,0.0,0.07692307692307601
,Mg,1.440740797500002,0.0,0.052631578947368
,Mg,1.632080719999998,0.0,0.09090909090909001
,Mg,3.5915374324999942,0.0,0.07142857142857101
,Mg,2.121349124999999,0.0,0.14285714285714202
,Mg,3.347435062499997,0.0,0.125
,Mg,2.667761339999999,0.0,0.14285714285714202
,Mg,2.660745357500002,0.0,0.14285714285714202
,Mg,2.766332702499999,0.11111111111111101,0.2
,Mg,2.091530940000003,0.0,0.07692307692307601
,Mg,0.0024504999999990004,0.0,0.020408163265306003
,Mg,4.431231485000002,0.157894736842105,0.2
,Mg,4.376203949999994,0.157894736842105,0.2
,Mg,-0.13563719999999999,0.0,0.058823529411764004
,Mg,2.5110750424999972,0.0,0.1
,Mg,0.645620704999999,0.0,0.1
,Mg,0.38043594000000003,0.0,0.16666666666666602
,Mg,0.7366794750000071,0.0,0.043478260869565
,Mg,0.8558421149999921,0.0,0.022727272727272003
,Mg,0.351408060000001,0.0,0.07692307692307601
,Mg,3.645354043749997,0.0,0.125
,Mg,4.164007521875001,0.0,0.125
,Mg,1.681851895000005,0.0,0.07692307692307601
,Mg,-1.469038125000007,0.0,0.05
,Mg,1.073107319999999,0.0,0.14285714285714202
,Mg,0.139847784999998,0.0,0.058823529411764004
,Mg,0.390530779999996,0.0,0.055555555555555004
,Mg,1.059197800000004,0.0,0.07692307692307601
,Mg,4.193332503750001,0.0,0.125
,Mg,4.454207490000006,0.157894736842105,0.2
,Mg,0.6584405750000041,0.0,0.052631578947368
,Mg,2.918349435,0.0,0.125
,Mg,0.727925919999994,0.0,0.052631578947368
,Mg,2.7708805599999993,0.0,0.08333333333333301
,Mg,0.12122950999999602,0.0,0.047619047619047006
,Mg,2.177673055000004,0.0,0.08333333333333301
,Mg,3.155269885,0.0,0.052631578947368
,Mg,0.24840769750000302,0.0,0.07142857142857101
,Mg,-0.978088134999999,0.0,0.125
,Mg,-0.711261004999999,0.0,0.07692307692307601
,Mg,-0.8262379325000021,0.0,0.066666666666666
,Mg,1.871280080000002,0.0,0.09090909090909001
,Mg,0.9954857450000001,0.0,0.058823529411764004
,Mg,0.6269274299999991,0.0,0.125
,Mg,1.32073573,0.0,0.2
,Mg,1.670764835000004,0.0,0.09090909090909001
,Mg,1.9194577199999991,0.0,0.14285714285714202
,Mg,0.0031737299999990004,0.0,0.75
,Mg,3.366704015,0.0,0.052631578947368
,Mg,-0.6838041599999961,0.0,0.055555555555555004
,Mg,-1.381467269999997,0.0,0.11111111111111101
,Mg,3.470914050000002,0.0,0.1
,Mg,-1.532575489999994,0.0,0.023255813953488
,Mg,-0.21875327958333302,0.0,0.75
,Mg,3.434401885000004,0.0,0.1
,Mg,3.115072999999999,0.0,0.052631578947368
,Mg,2.9926842999999983,0.0,0.052631578947368
,Mg,1.9563511149999941,0.0,0.07692307692307601
,Mg,2.765363914999999,0.0,0.05
,Mg,3.080755714999999,0.0,0.07692307692307601
,Mg,2.9672261600000143,0.0,0.027027027027027
,Mg,2.365893320000016,0.0,0.027027027027027
,Mg,1.815227957499996,0.0,0.07692307692307601
,Mg,1.1798426100000061,0.0,0.066666666666666
,Mg,3.281848655000002,0.0,0.15384615384615302
,Mg,0.7885270400000021,0.0,0.14285714285714202
,Mg,1.860980110000004,0.0,0.07692307692307601
,Mg,1.730526834999996,0.0,0.07692307692307601
,Mg,3.931689163749998,0.0,0.07142857142857101
,Mg,3.824114325000001,0.0,0.15384615384615302
,Mg,3.196348977500002,0.0,0.14285714285714202
,Mg,2.5653333725,0.0,0.125
,Mg,3.2175327175,0.0,0.14285714285714202
,Mg,3.4713992241666642,0.0,0.14285714285714202
,Mg,1.679377684999996,0.0,0.07692307692307601
,Mg,2.623365987499998,0.0,0.22222222222222202
,Mg,3.019702995,0.0,0.14285714285714202
,Mg,4.06640517,0.0,0.15384615384615302
,Mg,1.724868842499998,0.0,0.09090909090909001
,Mg,0.42572128500000006,0.0,0.25
,Mg,2.659341769999998,0.0,0.125
,Mg,3.332704204999999,0.0,0.14285714285714202
,Mg,2.516615961250001,0.0,0.09090909090909001
,Mg,2.678430807500004,0.0,0.07142857142857101
,Mg,3.328446300000001,0.0,0.14285714285714202
,Mg,1.944453929999999,0.0,0.14285714285714202
,Mg,3.647358347499999,0.0,0.14285714285714202
,Mg,3.347184695,0.0,0.07692307692307601
,Mg,2.834635107499999,0.0,0.14285714285714202
,Mg,3.2699877875,0.0,0.2
,Mg,2.6595335349999982,0.0,0.11111111111111101
,Mg,1.730488497499995,0.0,0.08333333333333301
,Mg,2.943167040000003,0.0,0.2
,Mg,3.6208885200000123,0.0,0.043478260869565
,Mg,2.754556349999991,0.0,0.058823529411764004
,Mg,2.092032359999995,0.0,0.058823529411764004
,Mg,2.46138946,0.0,0.14285714285714202
,Mg,3.050556804999989,0.0,0.058823529411764004
,Mg,4.885848073749998,0.0,0.14285714285714202
,Mg,2.494781164999996,0.07692307692307601,0.14285714285714202
,Mg,1.536109839999999,0.0,0.045454545454545005
,Mg,3.5704060474999912,0.0,0.055555555555555004
,Mg,3.509000735000005,0.0,0.066666666666666
,Mg,2.685843693749998,0.0,0.07692307692307601
,Mg,3.8401298374999913,0.0,0.066666666666666
,Mg,1.7695454400000061,0.0,0.04
,Mg,3.649400828750001,0.0,0.07142857142857101
,Mg,-0.291071989999987,0.0,0.030303030303030002
,Mg,2.510262180000002,0.0,0.066666666666666
,Mg,3.263454587499997,0.0,0.09090909090909001
,Mg,2.113019834999993,0.0,0.04
,Mg,2.978685840000002,0.0,0.07692307692307601
,Mg,3.908754217499994,0.0,0.055555555555555004
,Mg,1.713941205000002,0.0,0.04
,Mg,1.830719704999997,0.0,0.07692307692307601
,Mg,3.264350992499996,0.0,0.1
,Mg,0.9328962737499971,0.0,0.2
,Mg,1.197967525,0.0,0.07692307692307601
,Mg,1.621689744999988,0.0,0.027027027027027
,Mg,5.016193120000023,0.0,0.029411764705882002
,Mg,5.148793355,0.0,0.029411764705882002
,Mg,2.007589580000005,0.0,0.07692307692307601
,Mg,2.357383785,0.0,0.066666666666666
,Mg,1.44498968,0.0,0.14285714285714202
,Mg,0.8648230199999961,0.0,0.14285714285714202
,Mg,0.492211082499996,0.0,0.052631578947368
,Mg,1.873911224999997,0.0,0.07692307692307601
,Mg,-1.010138245000003,0.0,0.09090909090909001
,Mg,2.254323320000002,0.0,0.07692307692307601
,Mg,1.9842769100000022,0.0,0.07692307692307601
,Mg,4.021288741666666,0.0,0.15
,Mg,3.272950423750001,0.0,0.0625
,Mg,2.3622539225,0.0,0.1
,Mg,1.8597121400000032,0.0,0.07692307692307601
,Mg,-0.094888335000002,0.0,0.125
,Mg,0.9398672049999961,0.0,0.09090909090909001
,Mg,-0.112834068749999,0.0,0.09090909090909001
,Mg,3.404542898749998,0.0,0.15384615384615302
,Mg,1.8104314750000061,0.0,0.07692307692307601
,Mg,2.625542603124995,0.0,0.133333333333333
,Mg,3.148359545000002,0.0,0.058823529411764004
,Mg,1.583354725,0.0,0.14285714285714202
,Mg,0.170304577499995,0.0,0.058823529411764004
,Mg,3.011778785000001,0.0,0.066666666666666
,Mg,1.8546435650000002,0.0,0.07692307692307601
,Mg,1.46550473000001,0.0,0.052631578947368
,Mg,2.832330244999998,0.0,0.066666666666666
,Mg,1.701380515000001,0.0,0.052631578947368
,Mg,1.174314309999997,0.0,0.07692307692307601
,Mg,2.868018504999999,0.0,0.08333333333333301
,Mg,0.5131639799999921,0.0,0.052631578947368
,Mg,3.346332314999995,0.0,0.11111111111111101
,Mg,3.095249182499998,0.0,0.2
,Mg,0.9295864599999861,0.0,0.07692307692307601
,Mg,3.21422806499999,0.0,0.066666666666666
,Mg,1.831182792499999,0.0,0.07692307692307601
,Mg,1.9836906200000022,0.0,0.07692307692307601
,Mg,1.48636664,0.0,0.125
,Mg,1.308924164999997,0.0,0.14285714285714202
,Mg,1.6980833475000001,0.0,0.14285714285714202
,Mg,1.193832075,0.0,0.14285714285714202
,Mg,1.261477097499999,0.0,0.14285714285714202
,Mg,1.128488389999998,0.07692307692307601,0.14285714285714202
,Mg,0.890585679999998,0.07692307692307601,0.14285714285714202
,Mg,1.147462720000004,0.07692307692307601,0.14285714285714202
,Mg,1.2808821625,0.0,0.14285714285714202
,Mg,-0.00367670947183,0.875,0.9933333333333331
,Mg,1.390018014999999,0.0,0.066666666666666
,Mg,0.562670138749998,0.0,0.07692307692307601
,Mg,0.110065299999999,0.0,0.11111111111111101
,Mg,-0.8593102099999991,0.0,0.08333333333333301
,Mg,-0.283229805,0.0,0.07692307692307601
,Mg,1.694552499999997,0.0,0.07692307692307601
,Mg,-0.11623280000000101,0.0,0.07692307692307601
,Mg,0.7249695449999971,0.0,0.04
,Mg,-0.731831944999998,0.0,0.07692307692307601
,Mg,-0.024787077499999,0.833333333333333,0.875
,Mg,-0.23416083750000002,0.6666666666666661,0.75
,Mg,0.08412876000000301,0.0,0.066666666666666
,Mg,1.353518355000002,0.0,0.07692307692307601
,Mg,0.21515059500000103,0.0,0.05
,Mg,0.6087262950000041,0.0,0.125
,Mg,1.520935600000005,0.0,0.052631578947368
,Mg,2.759707979999999,0.0,0.052631578947368
,Mg,3.05722149,0.0,0.052631578947368
,Mg,1.889648675000001,0.0,0.11111111111111101
,Mg,2.43940232,0.0,0.11111111111111101
,Mg,-0.8988749099999991,0.0,0.125
,Mg,2.197894030000005,0.0,0.066666666666666
,Mg,1.032093050000004,0.0,0.066666666666666
,Mg,0.45217539999999906,0.0,0.11111111111111101
,Mg,3.134959689999999,0.0,0.05
,Mg,0.6054101275,0.0,0.2
,Mg,1.212527009999992,0.0,0.066666666666666
,Mg,0.863959474999998,0.0,0.066666666666666
,Mg,1.348412065000002,0.0,0.066666666666666
,Mg,-0.724087619999994,0.0,0.058823529411764004
,Mg,0.042081969999999004,0.0,0.11111111111111101
,Mg,0.560969584999999,0.0,0.11111111111111101
,Mg,0.670468629999999,0.0,0.2
,Mg,0.305461235,0.0,0.09090909090909001
,Mg,0.072275459999999,0.0,0.2
,Mg,0.08459000500000001,0.0,0.11111111111111101
,Mg,0.24759058500000203,0.0,0.055555555555555004
,Mg,0.084747284999999,0.0,0.11111111111111101
,Mg,1.129401105000004,0.0,0.066666666666666
,Mg,0.089231349999996,0.0,0.066666666666666
,Mg,0.010928029999999,0.0,0.066666666666666
,Mg,0.233969840000004,0.0,0.05
,Mg,2.376736560000002,0.0,0.05
,Mg,0.481721502499998,0.0,0.09090909090909001
,Mg,1.289213635,0.0,0.066666666666666
,Mg,0.28497903500001004,0.0,0.05
,Mg,1.709884710000001,0.0,0.125
,Mg,2.7238182800000073,0.0,0.027777777777777003
,Mg,1.603484394999999,0.0,0.052631578947368
,Mg,0.314494945,0.0,0.11111111111111101
,Mg,-1.38257923,0.0,0.125
,Mg,-0.023533885000001,0.0,0.05
,Mg,1.751615615000003,0.0,0.052631578947368
,Mg,-0.776889899999995,0.0,0.125
,Mg,0.36312227499999905,0.0,0.066666666666666
,Mg,-0.5467622750000011,0.0,0.058823529411764004
,Mg,-0.591868185000005,0.0,0.058823529411764004
,Mg,-0.6372879799999991,0.0,0.055555555555555004
,Mg,-0.029376344999998003,0.0,0.058823529411764004
,Mg,-0.07281931499999901,0.0,0.058823529411764004
,Mg,-1.09837616,0.0,0.125
,Mg,-1.275157535,0.0,0.125
,Mg,0.595654274999998,0.0,0.066666666666666
,Mg,2.505560964999998,0.0,0.07142857142857101
,Mg,0.9602343200000021,0.0,0.066666666666666
,Mg,3.180677094999997,0.0,0.07692307692307601
,Mg,3.060045069999998,0.0,0.07692307692307601
,Mg,1.318961874999996,0.0,0.066666666666666
,Mg,0.7219924024999971,0.0,0.2
,Mg,2.3519672949999992,0.0,0.07142857142857101
,Mg,2.6834920150000032,0.0,0.05
,Mg,-0.594437834999996,0.0,0.058823529411764004
,Mg,2.9507782300000023,0.0,0.052631578947368
,Mg,0.10975536499999901,0.0,0.11111111111111101
,Mg,2.519591994999996,0.0,0.07692307692307601
,Mg,1.354317524999989,0.0,0.05
,Mg,2.118881545,0.0,0.2
,Mg,-0.47692728000000006,0.0,0.058823529411764004
,Mg,-0.32154617,0.0,0.0625
,Mg,0.585277975000001,0.0,0.11111111111111101
,Mg,1.967782009999997,0.0,0.05
,Mg,1.494325109999995,0.0,0.05
,Mg,-0.6683890099999941,0.0,0.058823529411764004
,Mg,-0.40479118499999905,0.0,0.11111111111111101
,Mg,-0.794370970000001,0.0,0.125
,Mg,0.43499510499999605,0.0,0.066666666666666
,Mg,1.344674855000005,0.0,0.07692307692307601
,Mg,3.405434725000003,0.0,0.05
,Mg,1.657551414999997,0.0,0.066666666666666
,Mg,3.3143101975,0.0,0.09090909090909001
,Mg,3.282595967499998,0.0,0.08333333333333301
,Mg,3.351374252499996,0.0,0.14285714285714202
,Mg,2.065426380000002,0.0,0.058823529411764004
,Mg,5.103255260000002,0.07692307692307601,0.14285714285714202
,Mg,2.331127760000002,0.0,0.14285714285714202
,Mg,3.399110774999994,0.0,0.07692307692307601
,Mg,2.307713419999989,0.0,0.023255813953488
,Mg,1.047161484999994,0.0,0.025641025641025002
,Mg,1.325672174999998,0.0,0.045454545454545005
,Mg,-0.245918394999999,0.0,0.07142857142857101
,Mg,0.6422179399999991,0.0,0.0625
,Mg,-0.081912394999998,0.0,0.11111111111111101
,Mg,-0.727723289999999,0.0,0.125
,Mg,0.8673238750000011,0.0,0.066666666666666
,Mg,3.785876390000003,0.0,0.066666666666666
,Mg,1.412346184999994,0.0,0.058823529411764004
,Mg,1.213446424999998,0.0,0.052631578947368
,Mg,0.7616460099999971,0.0,0.05
,Mg,1.9164317249999991,0.0,0.07692307692307601
,Mg,3.024133674999999,0.0,0.0625
,Mg,0.6844413299999961,0.0,0.09090909090909001
,Mg,-1.314196995000002,0.0,0.125
,Mg,0.30173752000000004,0.0,0.066666666666666
,Mg,-1.03123838,0.0,0.066666666666666
,Mg,1.9200084399999942,0.0,0.05
,Mg,0.991735494999997,0.0,0.1
,Mg,1.159833299999999,0.0,0.1
,Mg,1.60276588999999,0.0,0.052631578947368
,Mg,1.721094039999997,0.0,0.14285714285714202
,Mg,3.224596424999998,0.0,0.0625
,Mg,2.374267559999997,0.0,0.07692307692307601
,Mg,2.575640430000004,0.0,0.07692307692307601
,Mg,2.389717469999998,0.0,0.05
,Mg,2.221690219999989,0.0,0.05
,Mg,1.918651719999997,0.0,0.07142857142857101
,Mg,2.481794684999994,0.0,0.07692307692307601
,Mg,1.448442969999999,0.0,0.09090909090909001
,Mg,2.081597034999999,0.0,0.07692307692307601
,Mg,3.844711001249995,0.0,0.07692307692307601
,Mg,1.629438545000003,0.0,0.052631578947368
,Mg,1.03167104000001,0.0,0.05
,Mg,1.354841664999999,0.0,0.07692307692307601
,Mg,-1.309423155,0.0,0.125
,Mg,0.11066568999999501,0.0,0.066666666666666
,Mg,1.970329019999998,0.0,0.066666666666666
,Mg,-0.364487380000002,0.0,0.052631578947368
,Mg,-0.115084030000001,0.0,0.058823529411764004
,Mg,-0.067721115,0.0,0.058823529411764004
,Mg,0.5996534050000021,0.0,0.066666666666666
,Mg,0.9022794699999971,0.0,0.07692307692307601
,Mg,0.08059110499999901,0.0,0.33333333333333304
,Mg,0.08729996000000001,0.0,0.11111111111111101
,Mg,-0.7065088100000011,0.0,0.1
,Mg,0.245304289999997,0.0,0.066666666666666
,Mg,-0.006903235000001001,0.0,0.11111111111111101
,Mg,0.474654830000003,0.0,0.066666666666666
,Mg,-0.046006629999999,0.0,0.125
,Mg,-0.145060885000002,0.0,0.125
,Mg,0.080079944999998,0.0,0.066666666666666
,Mg,-0.10663949999999901,0.0,0.11111111111111101
,Mg,-0.5328254600000001,0.0,0.07692307692307601
,Mg,-0.96364782499999,0.0,0.024390243902439
,Mg,-0.48780602000000306,0.0,0.058823529411764004
,Mg,-0.37201995999999804,0.0,0.058823529411764004
,Mg,0.7778023299999971,0.0,0.07692307692307601
,Mg,1.070840325000003,0.0,0.08333333333333301
,Mg,-0.09053884999999601,0.0,0.066666666666666
,Mg,1.388937465000002,0.0,0.05
,Mg,-0.9244245500000001,0.0,0.07692307692307601
,Mg,-0.5667458399999911,0.0,0.058823529411764004
,Mg,0.8441122049999921,0.0,0.04
,Mg,0.790770554999999,0.0,0.07692307692307601
,Mg,14.70430537500001,0.0,0.052631578947368
,Mg,0.21940007000001002,0.0,0.055555555555555004
,Mg,0.11665164999999801,0.0,0.08333333333333301
,Mg,2.062486240000003,0.0,0.07692307692307601
,Mg,14.246549829999998,0.0,0.05
,Mg,4.353590335000001,0.0,0.16666666666666602
,Mg,2.581898750000012,0.0,0.024390243902439
,Mg,1.651354735000009,0.0,0.052631578947368
,Mg,3.212300235999994,0.0,0.07692307692307601
,Mg,2.401295019999996,0.0,0.052631578947368
,Mg,1.676078910000005,0.0,0.052631578947368
,Mg,2.828258129999999,0.0,0.052631578947368
,Mg,2.963447065000022,0.0,0.052631578947368
,Mg,1.502793205000007,0.0,0.032258064516129004
,Mg,1.797958374999997,0.0,0.052631578947368
,Mg,2.029480664999998,0.0,0.052631578947368
,Mg,2.869550109999996,0.0,0.052631578947368
,Mg,2.796571920000009,0.0,0.032258064516129004
,Mg,1.248812754999993,0.0,0.052631578947368
,Mg,2.217972509999986,0.0,0.027027027027027
,Mg,2.184491514999998,0.0,0.052631578947368
,Mg,2.263385674999997,0.0,0.1
,Mg,2.948423809999999,0.0,0.052631578947368
,Mg,2.090781615000002,0.0,0.052631578947368
,Mg,2.752195215000005,0.0,0.04
,Mg,1.604700714999993,0.0,0.052631578947368
,Mg,1.666116914999993,0.0,0.052631578947368
,Mg,1.781834669999999,0.0,0.052631578947368
,Mg,2.074648205000007,0.0,0.052631578947368
,Mg,2.645406594999994,0.0,0.07692307692307601
,Mg,2.82435688,0.0,0.052631578947368
,Mg,1.828301034999992,0.0,0.052631578947368
,Mg,1.805752605000003,0.0,0.052631578947368
,Mg,1.659743654999997,0.0,0.07692307692307601
,Mg,2.845213044999998,0.0,0.052631578947368
,Mg,1.833082449999968,0.04,0.052631578947368
,Mg,1.386512550000003,0.0,0.07692307692307601
,Mg,2.329954934999993,0.0,0.04
,Mg,2.573908159999979,0.04,0.052631578947368
,Mg,1.642548705,0.0,0.04
,Mg,1.96639454999999,0.0,0.052631578947368
,Mg,2.826622335,0.0,0.052631578947368
,Mg,1.9073753649999972,0.0,0.052631578947368
,Mg,1.388226684999996,0.0,0.052631578947368
,Mg,1.8344404799999952,0.0,0.07692307692307601
,Mg,1.803737469999998,0.0,0.14285714285714202
,Mg,1.902142309999999,0.0,0.07692307692307601
,Mg,1.404374534999999,0.0,0.07692307692307601
,Mg,2.5314177699999942,0.0,0.052631578947368
,Mg,2.987997565000005,0.0,0.04
,Mg,1.132073244999991,0.0,0.052631578947368
,Mg,1.872363260000004,0.0,0.052631578947368
,Mg,3.904876753749993,0.0,0.052631578947368
,Mg,4.218053048749998,0.105263157894736,0.15
,Mg,3.40944680249999,0.0,0.0625
,Mg,3.118114135000003,0.0,0.1
,Mg,0.045545785000006,0.0,0.033333333333333
,Mg,3.247110974999996,0.0,0.058823529411764004
,Mg,-0.12345688500000501,0.0,0.05
,Mg,-0.36800880500000405,0.0,0.08333333333333301
,Mg,0.38895818000000004,0.0,0.09090909090909001
,Mg,-1.11155039,0.0,0.07142857142857101
,Mg,1.448669509999999,0.0,0.07692307692307601
,Mg,1.483632754999999,0.0,0.07692307692307601
,Mg,1.213807990000003,0.0,0.07692307692307601
,Mg,0.9341383700000041,0.0,0.052631578947368
,Mg,2.8962515499999992,0.0,0.07142857142857101
,Mg,1.744967184999997,0.0,0.058823529411764004
,Mg,-0.090622955000003,0.0,0.09090909090909001
,Mg,-0.079491889999995,0.0,0.09090909090909001
,Mg,-0.5379534299999971,0.0,0.066666666666666
,Mg,2.274277865000006,0.0,0.05
,Mg,-0.29902642499998905,0.0,0.058823529411764004
,Mg,1.308687624999994,0.0,0.058823529411764004
,Mg,2.3513661525,0.0,0.14285714285714202
,Mg,-0.332602794999998,0.0,0.11111111111111101
,Mg,1.9089125650000052,0.0,0.07692307692307601
,Mg,4.205543704999987,0.028571428571428,0.081081081081081
,Mg,1.566596734999994,0.0,0.052631578947368
,Mg,1.676107200000001,0.0,0.07692307692307601
,Mg,1.646530684999999,0.0,0.07692307692307601
,Mg,2.164506479999999,0.0,0.081081081081081
,Mg,0.41308386500000105,0.0,0.07692307692307601
,Mg,1.167930062499995,0.0,0.09090909090909001
,Mg,3.113177125000004,0.0,0.07142857142857101
,Mg,0.521154175000004,0.0,0.066666666666666
,Mg,0.36728875999999805,0.0,0.066666666666666
,Mg,3.166098290000005,0.0,0.09090909090909001
,Mg,0.7522459249999941,0.0,0.066666666666666
,Mg,1.052549564999997,0.0,0.052631578947368
,Mg,0.437959360000005,0.0,0.066666666666666
,Mg,-0.952927205000004,0.0,0.07692307692307601
,Mg,0.13064614000000002,0.0,0.11111111111111101
,Mg,-0.022693360000000003,0.0,0.11111111111111101
,Mg,1.181939082500002,0.0,0.14285714285714202
,Mg,0.33456553999999705,0.0,0.09090909090909001
,Mg,-0.875028219999999,0.0,0.07692307692307601
,Mg,0.32701234,0.0,0.11111111111111101
,Mg,0.242958104999997,0.0,0.066666666666666
,Mg,-0.006240989999997001,0.0,0.066666666666666
,Mg,0.555461710000007,0.0,0.05
,Mg,0.779581189999992,0.0,0.052631578947368
,Mg,0.290578264999998,0.0,0.07692307692307601
,Mg,-1.119397194999993,0.0,0.09090909090909001
,Mg,0.199368769999996,0.0,0.058823529411764004
,Mg,-0.09467132999999901,0.0,0.07142857142857101
,Mg,-0.054140519999999005,0.0,0.058823529411764004
,Mg,0.965442295,0.0,0.058823529411764004
,Mg,0.8951477050000041,0.0,0.052631578947368
,Mg,0.753322040000004,0.0,0.04
,Mg,-1.292722464999992,0.0,0.066666666666666
,Mg,0.6939581249999991,0.0,0.04
,Mg,0.8059969249999991,0.0,0.07692307692307601
,Mg,0.147416084999993,0.0,0.05
,Mg,3.252743900000003,0.0,0.052631578947368
,Mg,0.0031435100000050003,0.0,0.058823529411764004
,Mg,2.198454289999991,0.0,0.052631578947368
,Mg,2.369103934999998,0.0,0.15
,Mg,-0.365271054999996,0.0,0.052631578947368
,Mg,0.10969236500000501,0.0,0.09090909090909001
,Mg,2.474678740000005,0.0,0.052631578947368
,Mg,0.187231369999996,0.0,0.04
,Mg,2.017040947499997,0.0,0.1
,Mg,1.662674532916667,0.0,0.15
,Mg,0.9366345249999991,0.0,0.07692307692307601
,Mg,0.22890876000000002,0.0,0.052631578947368
,Mg,1.318424010000005,0.0,0.058823529411764004
,Mg,2.043649585000001,0.0,0.066666666666666
,Mg,3.331215554999997,0.0,0.058823529411764004
,Mg,3.416401904999998,0.0,0.0625
,Mg,2.350360974999998,0.0,0.1
,Mg,2.142448034999998,0.0,0.1
,Mg,1.559345300000001,0.0,0.066666666666666
,Mg,0.9131328549999981,0.260869565217391,0.291666666666666
,Mg,0.29084379000000105,0.0,0.04
,Mg,1.830160785000001,0.0,0.1
,Mg,0.7616112700000001,0.260869565217391,0.291666666666666
,Mg,0.360109554999998,0.260869565217391,0.291666666666666
,Mg,1.053050619999997,0.0,0.066666666666666
,Mg,1.024234304999997,0.0,0.1
,Mg,1.029068560000003,0.0,0.052631578947368
,Mg,1.586212565000001,0.0,0.022222222222222
,Mg,1.005782430000001,0.0,0.02127659574468
,Mg,-0.112017269999998,0.0,0.066666666666666
,Mg,1.322446755000005,0.0,0.05
,Mg,1.9829154124999961,0.0,0.1
,Mg,1.302135482500003,0.0,0.1
,Mg,-0.302875409999994,0.0,0.058823529411764004
,Mg,-0.500199669999996,0.0,0.058823529411764004
,Mg,0.756012160000001,0.0,0.07692307692307601
,Mg,1.060696949999997,0.0,0.08333333333333301
,Mg,2.319858135000001,0.0,0.1
,Mg,0.6805631200000061,0.0,0.05
,Mg,1.255477955,0.0,0.1
,Mg,1.299478060000002,0.0,0.028571428571428
,Mg,3.325511660000001,0.0,0.1
,Mg,3.926563050000003,0.0,0.023255813953488
,Mg,3.187985995000002,0.0,0.1
,Mg,0.361439375,0.0,0.058823529411764004
,Mg,0.654668565000002,0.0,0.09090909090909001
,Mg,1.920971114999997,0.0,0.058823529411764004
,Mg,-0.45002916999999604,0.0,0.07692307692307601
,Mg,0.231184775,0.0,0.07692307692307601
,Mg,0.635485280000002,0.0,0.09090909090909001
,Mg,-0.7427124349999961,0.0,0.07692307692307601
,Mg,-0.23198707999999102,0.0,0.047619047619047006
,Mg,1.268723509999998,0.0,0.07692307692307601
,Mg,1.275111385,0.0,0.07692307692307601
,Mg,2.610911990000009,0.0,0.058823529411764004
,Mg,2.267211910000001,0.0,0.2
,Mg,-1.9699079199999991,0.0,0.066666666666666
,Mg,-1.644498269999995,0.0,0.055555555555555004
,Mg,2.7716783749999983,0.0,0.0625
,Mg,1.434699579999997,0.0,0.07142857142857101
,Mg,2.02222377999998,0.0,0.02
,Mg,1.3912785299999981,0.0,0.125
,Mg,1.296230475000006,0.0,0.058823529411764004
,Mg,1.288137594999999,0.0,0.07142857142857101
,Mg,0.848932032499999,0.0,0.11111111111111101
,Mg,-0.6026987100000011,0.0,0.16666666666666602
,Mg,0.24471879000000402,0.0,0.066666666666666
,Mg,-0.467540639999998,0.0,0.07692307692307601
,Mg,0.7334529699999921,0.0,0.04
,Mg,-1.711221400000009,0.0,0.052631578947368
,Mg,-1.711256299999997,0.0,0.052631578947368
,Mg,-0.58765603,0.0,0.047619047619047006
,Mg,0.364703754999998,0.0,0.07692307692307601
,Mg,-1.944607889999999,0.0,0.16666666666666602
,Mg,-1.388767814999975,0.0,0.022222222222222
,Mg,1.868910285000003,0.0,0.07692307692307601
,Mg,-0.093471510000003,0.0,0.066666666666666
,Mg,0.013372324999996,0.0,0.07692307692307601
,Mg,0.54562812,0.0,0.09090909090909001
,Mg,-0.101953134999997,0.0,0.066666666666666
,Mg,0.064778589999993,0.0,0.037037037037037
,Mg,-0.157619612500002,0.0,0.066666666666666
,Mg,-1.093567285000015,0.0,0.052631578947368
,Mg,-0.116972689999999,0.0,0.11111111111111101
,Mg,-0.07152021000000501,0.0,0.066666666666666
,Mg,0.39197568999999904,0.0,0.058823529411764004
,Mg,-0.162936875000002,0.0,0.058823529411764004
,Mg,1.841490034999997,0.0,0.07142857142857101
,Mg,0.737259540000001,0.0,0.1
,Mg,2.250323764999994,0.0,0.1
,Mg,1.9320214149999981,0.0,0.052631578947368
,Mg,-1.2690445000000021,0.0,0.066666666666666
,Mg,-0.8298453399999861,0.0,0.055555555555555004
,Mg,2.864648450000001,0.0,0.07142857142857101
,Mg,-0.022745119999991,0.0,0.05
,Mg,1.288098629999997,0.0,0.05
,Mg,0.813622935000002,0.0,0.07692307692307601
,Mg,1.332972640000005,0.0,0.1
,Mg,0.5396544049999971,0.0,0.05
,Mg,2.998511529999999,0.0,0.0625
,Mg,-0.8623717200000011,0.0,0.07692307692307601
,Mg,-0.5813564400000031,0.0,0.058823529411764004
,Mg,0.824073699999997,0.0,0.07692307692307601
,Mg,-0.007702329999996001,0.0,0.05
,Mg,0.009480604683098,0.875,0.9933333333333331
,Mg,-0.10158245999999901,0.0,0.75
,Mg,1.526830664999996,0.0,0.052631578947368
,Mg,0.024190560000005003,0.0,0.058823529411764004
,Mg,2.4587580899999932,0.0,0.07692307692307601
,Mg,2.114847689999995,0.0,0.07142857142857101
,Mg,2.012048255,0.0,0.125
,Mg,1.611797409999998,0.0,0.066666666666666
,Mg,1.3418850324999991,0.0,0.14285714285714202
,Mg,2.7799872600000173,0.0,0.034482758620689
,Mg,0.035743694999998,0.0,0.027027027027027
,Mg,1.372290660000001,0.0,0.09090909090909001
,Mg,0.9420603699999971,0.0,0.066666666666666
,Mg,1.162202810000001,0.0,0.0625
,Mg,3.478198839999994,0.0,0.07692307692307601
,Mg,2.569693974999997,0.0,0.07142857142857101
,Mg,4.03145219,0.0,0.07142857142857101
,Mg,0.38700759499999005,0.0,0.052631578947368
,Mg,2.762624445000004,0.0,0.09090909090909001
,Mg,3.1947088425,0.0,0.14285714285714202
,Mg,2.9786118216666653,0.0,0.14285714285714202
,Mg,2.3178994449999992,0.0,0.25
,Mg,2.1370615775,0.0,0.25
,Mg,2.03645359,0.0,0.25
,Mg,1.895922859999999,0.0,0.14285714285714202
,Mg,3.31078497375,0.0,0.14285714285714202
,Mg,2.769256280000001,0.0,0.14285714285714202
,Mg,1.27290261,0.0,0.07692307692307601
,Mg,1.914893619999998,0.0,0.09090909090909001
,Mg,3.034693212500001,0.0,0.22222222222222202
,Mg,1.9398826649999992,0.0,0.25
,Mg,3.112213556666671,0.0,0.14285714285714202
,Mg,2.38241528875,0.0,0.14285714285714202
,Mg,2.747080129999997,0.0,0.08333333333333301
,Mg,-0.106378595000005,0.0,0.052631578947368
,Mg,2.343926479999999,0.0,0.25
,Mg,2.489175994999999,0.0,0.1
,Mg,2.382221435000002,0.0,0.07142857142857101
,Mg,3.154642464999999,0.0,0.07692307692307601
,Mg,2.769717164999993,0.0,0.07692307692307601
,Mg,2.503712075,0.0,0.07692307692307601
,Mg,5.205545305000005,0.0,0.047619047619047006
,Mg,2.992671964999997,0.0,0.09090909090909001
,Mg,2.998507245000003,0.0,0.027027027027027
,Mg,2.6829383874999913,0.0,0.045454545454545005
,Mg,3.3560005925,0.0,0.05
,Mg,3.425450161250002,0.0,0.07142857142857101
,Mg,3.432676732499997,0.0,0.07692307692307601
,Mg,2.8483607299999862,0.0,0.027027027027027
,Mg,-0.2988397575,0.0,0.09090909090909001
,Mg,3.476190009999993,0.0,0.1
,Mg,1.597873054999998,0.0,0.07142857142857101
,Mg,0.278263817499994,0.0,0.08333333333333301
,Mg,3.443114699999999,0.0,0.066666666666666
,Mg,-1.534089449999991,0.0,0.024390243902439
,Mg,1.918042509999996,0.0,0.066666666666666
,Mg,2.25605353,0.0,0.08333333333333301
,Mg,2.781893170000001,0.0,0.07692307692307601
,Mg,0.521704187499996,0.0,0.052631578947368
,Mg,3.099445155000003,0.0,0.055555555555555004
,Mg,1.099840587500002,0.0,0.14285714285714202
,Mg,1.529762726250003,0.0,0.14285714285714202
,Mg,0.741932331249995,0.0,0.1
,Mg,1.664452739999991,0.0,0.058823529411764004
,Mg,3.397789435000004,0.0,0.0625
,Mg,2.958580487499991,0.105263157894736,0.15
,Mg,2.9427399675,0.0,0.1
,Mg,2.832275435000004,0.0,0.020408163265306003
,Mg,2.886167765,0.0,0.028571428571428
,Mg,-1.33465796999999,0.0,0.047619047619047006
,Mg,2.752556055000004,0.0,0.07692307692307601
,Mg,-0.134270240000001,0.0,0.125
,Mg,0.651185965,0.0,0.07692307692307601
,Mg,0.8589102700000141,0.0,0.052631578947368
,Mg,2.9294020949999973,0.0,0.07692307692307601
,Mg,2.998582314375004,0.0,0.133333333333333
,Mg,2.5474799900000042,0.0,0.07692307692307601
,Mg,2.850578985000003,0.0,0.07692307692307601
,Mg,2.524759020000001,0.0,0.07692307692307601
,Mg,0.030345149999999002,0.0,0.09090909090909001
,Mg,-0.075518339999997,0.0,0.09090909090909001
,Mg,-0.10606572749999701,0.0,0.09090909090909001
,Mg,1.840867559999996,0.0,0.14285714285714202
,Mg,0.46746498499999606,0.0,0.09090909090909001
,Mg,1.291062975,0.0,0.08333333333333301
,Mg,1.603568974999992,0.0,0.052631578947368
,Mg,2.987367149999987,0.0,0.055555555555555004
,Mg,3.6899714549999962,0.0,0.055555555555555004
,Mg,1.629747765000009,0.0,0.052631578947368
,Mg,2.676832929999999,0.0,0.07692307692307601
,Mg,2.456753869999997,0.0,0.07692307692307601
,Mg,1.59699023,0.0,0.07692307692307601
,Mg,2.813483509999995,0.0,0.0625
,Mg,0.365967789999996,0.0,0.07692307692307601
,Mg,1.189669464999998,0.0,0.09090909090909001
,Mg,0.515069765000025,0.0,0.032258064516129004
,Mg,2.419356129999994,0.0,0.07142857142857101
,Mg,0.909893899999997,0.0,0.066666666666666
,Mg,2.510791829999999,0.0,0.07142857142857101
,Mg,1.232189314999996,0.0,0.066666666666666
,Mg,1.865865609999997,0.0,0.09090909090909001
,Mg,1.109344469999979,0.0,0.023255813953488
,Mg,1.3404635200000041,0.0,0.066666666666666
,Mg,0.8558414950000011,0.0,0.25
,Mg,0.9841867275,0.0,0.14285714285714202
,Mg,1.002842195,0.0,0.14285714285714202
,Mg,0.8218743649999961,0.0,0.09090909090909001
,Mg,-0.005976734999999,0.0,0.066666666666666
,Mg,0.8914367299999991,0.0,0.07142857142857101
,Mg,0.848062865,0.0,0.07142857142857101
,Mg,0.571013195000003,0.0,0.066666666666666
,Mg,0.009968125268456,0.0,0.9933333333333331
,Mg,-0.24619849500000401,0.0,0.058823529411764004
,Mg,0.231060009999997,0.0,0.066666666666666
,Mg,0.42669054,0.0,0.052631578947368
,Mg,-0.341518025000001,0.0,0.066666666666666
,Mg,2.235490851249996,0.0,0.15384615384615302
,Mg,0.9623362200000021,0.0,0.07692307692307601
,Mg,2.593580468750002,0.0,0.07142857142857101
,Mg,0.5788811149999991,0.0,0.07692307692307601
,Mg,1.815004394999999,0.0,0.14285714285714202
,Mg,2.534962964999999,0.0,0.15384615384615302
,Mg,1.278050032499998,0.0,0.14285714285714202
,Mg,1.298642290000001,0.07692307692307601,0.14285714285714202
,Mg,1.713243215000003,0.0,0.066666666666666
,Mg,2.977940444999999,0.0,0.15384615384615302
,Mg,2.075800744999999,0.0,0.058823529411764004
,Mg,1.501802689999995,0.0,0.07692307692307601
,Mg,2.16925448,0.0,0.14285714285714202
,Mg,1.274308439999999,0.0,0.125
,Mg,2.05308869,0.0,0.11111111111111101
,Mg,2.24037804499999,0.0,0.058823529411764004
,Mg,2.091999447499998,0.0,0.2
,Mg,1.372692116249997,0.0,0.09090909090909001
,Mg,1.736719558125,0.0,0.14285714285714202
,Mg,-0.407908845,0.0,0.16666666666666602
,Mg,1.9653129950000021,0.0,0.0625
,Mg,-1.128219654999997,0.0,0.066666666666666
,Mg,0.06230913999999701,0.0,0.2
,Mg,1.963891870000002,0.0,0.058823529411764004
,Mg,2.001170550000002,0.0,0.058823529411764004
,Mg,1.340314050000008,0.0,0.058823529411764004
,Mg,0.8238652500000011,0.0,0.022222222222222
,Mg,0.5689432749999991,0.0,0.08333333333333301
,Mg,0.972877064999996,0.0,0.07692307692307601
,Mg,1.071348570000002,0.0,0.14285714285714202
,Mg,1.065669274999998,0.0,0.14285714285714202
,Mg,0.9678072049999971,0.0,0.07692307692307601
,Mg,-0.7888482200000011,0.0,0.08333333333333301
,Mg,-0.788117259999995,0.0,0.08333333333333301
,Mg,1.723740815000004,0.0,0.066666666666666
,Mg,1.713961029999997,0.11111111111111101,0.2
,Mg,1.9297496824999991,0.0,0.14285714285714202
,Mg,2.179832105,0.0,0.066666666666666
,Mg,2.116784759999999,0.0,0.066666666666666
,Mg,-1.227988670000011,0.0,0.024390243902439
,Mg,0.7706060949999981,0.0,0.1
,Mg,-1.644771334999997,0.0,0.09090909090909001
,Mg,0.5605642499999991,0.0,0.09090909090909001
,Mg,0.30661703375000204,0.0,0.14285714285714202
,Mg,2.29920566625,0.0,0.055555555555555004
,Mg,0.8077364100000081,0.0,0.052631578947368
,Mg,0.6637575599999981,0.0,0.052631578947368
,Mg,1.8441665600000021,0.0,0.052631578947368
,Mg,-0.353148595000002,0.0,0.058823529411764004
,Mg,-0.37304964499999704,0.0,0.08333333333333301
,Mg,0.7946959449999981,0.0,0.07692307692307601
,Mg,0.9788983949999991,0.0,0.08333333333333301
,Mg,2.38316013375,0.0,0.0625
,Mg,0.062844325000004,0.0,0.043478260869565
,Mg,1.056362849999996,0.0,0.07692307692307601
,Mg,0.251058887499998,0.0,0.1
,Mg,0.9329074437500011,0.0,0.0625
,Mg,0.041965859999995005,0.0,0.058823529411764004
,Mg,1.822409140000002,0.0,0.1
,Mg,2.843930415,0.055555555555555004,0.15
,Mg,2.035137337499994,0.0,0.0625
,Mg,1.581873562499997,0.0,0.058823529411764004
,Mg,1.621376601666663,0.0,0.15
,Mg,1.759978059999999,0.0,0.0625
,Mg,-0.796896000000013,0.0,0.030303030303030002
,Mg,-1.30250716,0.0,0.047619047619047006
,Mg,0.7914256849999971,0.0,0.07692307692307601
,Mg,1.122837272499997,0.0,0.14285714285714202
,Mg,1.390534578333334,0.0,0.14285714285714202
,Mg,1.6610494541666692,0.0,0.14285714285714202
,Mg,1.094792399999996,0.0,0.14285714285714202
,Mg,1.9172365674999992,0.0,0.133333333333333
,Mg,0.5769008800000041,0.0,0.052631578947368
,Mg,-0.22644112499999602,0.0,0.09090909090909001
,Mg,1.892681705000005,0.0,0.055555555555555004
,Mg,0.9957708124999991,0.0,0.14285714285714202
,Mg,1.60787109,0.0,0.07692307692307601
,Mg,-2.021866659999999,0.0,0.125
,Mg,-1.787466225000005,0.0,0.07692307692307601
,Mg,-1.781574279999996,0.0,0.09090909090909001
,Mg,-1.533191400000002,0.0,0.055555555555555004
,Mg,-0.189208845000005,0.0,0.055555555555555004
,Mg,-1.031352465,0.0,0.125
,Mg,-0.746291039999998,0.0,0.07692307692307601
,Mg,-0.9430192250000031,0.0,0.09090909090909001
,Mg,-0.17426930999999501,0.0,0.034482758620689
,Mg,1.9579805425,0.0,0.15384615384615302
,Mg,0.771819384999998,0.0,0.07692307692307601
,Mg,1.172631970000002,0.0,0.052631578947368
,Mg,2.428610904999996,0.0,0.055555555555555004
,Mg,2.243850474999992,0.0,0.058823529411764004
,Mg,1.999966574999992,0.0,0.058823529411764004
,Mg,2.8662872950000042,0.0,0.058823529411764004
,Mg,2.472900990000004,0.0,0.058823529411764004
,Mg,1.2400015258333321,0.0,0.14285714285714202
,Mg,0.721272015000001,0.0,0.08333333333333301
,Mg,-0.08559031999999801,0.0,0.25
,Mg,-0.189120545,0.0,0.14285714285714202
,Mg,1.149994550625,0.0,0.14285714285714202
,Mg,-0.037025344999998,0.0,0.07692307692307601
,Mg,0.7509093200000021,0.0,0.09090909090909001
,Mg,0.45196769999999803,0.0,0.14285714285714202
,Mg,-0.13008417999999902,0.0,0.07692307692307601
,Mg,-0.042135673333334005,0.07692307692307601,0.25
,Mg,0.643394346249999,0.0,0.14285714285714202
,Mg,1.119666955,0.0,0.14285714285714202
,Mg,0.509334084999996,0.0,0.04
,Mg,0.8885203650000021,0.0,0.1
,Mg,1.2250285975,0.0,0.14285714285714202
,Mg,1.306029144999997,0.0,0.14285714285714202
,Mg,1.238458807499999,0.0,0.14285714285714202
,Mg,0.023104290000003,0.0,0.07692307692307601
,Mg,0.153333990000006,0.0,0.1
,Mg,0.38522005999999903,0.0,0.07692307692307601
,Mg,0.7973602750000001,0.0,0.07692307692307601
,Mg,0.609763135,0.0,0.25
,Mg,0.9579908387500001,0.0,0.14285714285714202
,Mg,-0.5398056999999971,0.0,0.058823529411764004
,Mg,-0.32954288999999404,0.0,0.058823529411764004
,Mg,1.571571107500003,0.0,0.07692307692307601
,Mg,1.578748524999999,0.0,0.07692307692307601
,Mg,-0.21716748499999902,0.0,0.09090909090909001
,Mg,1.2748845487499991,0.0,0.14285714285714202
,Mg,0.977552467499998,0.0,0.14285714285714202
,Mg,2.624986359999998,0.0,0.04
,Mg,2.017643574999998,0.0,0.08333333333333301
,Mg,0.385067679999996,0.0,0.09090909090909001
,Mg,0.144013505000001,0.0,0.09090909090909001
,Mg,-0.420489079999991,0.0,0.058823529411764004
,Mg,-0.37159924000000405,0.0,0.066666666666666
,Mg,1.535267620000003,0.0,0.07142857142857101
,Mg,0.26652008000000305,0.0,0.09090909090909001
,Mg,-0.38394290500000006,0.0,0.07142857142857101
,Mg,1.9281805949999982,0.0,0.0625
,Mg,-0.088693324999996,0.0,0.066666666666666
,Mg,0.73569074,0.0,0.07692307692307601
,Mg,0.10746174499999901,0.0,0.05
,Mg,2.073075037500002,0.0,0.14285714285714202
,Mg,1.771756414999996,0.23076923076923,0.28571428571428503
,Mg,2.584448752499999,0.0,0.14285714285714202
,Mg,2.1166757775,0.0,0.14285714285714202
,Mg,2.496200915,0.0,0.066666666666666
,Mg,1.403951580000002,0.0,0.07692307692307601
,Mg,2.339440950000001,0.0,0.066666666666666
,Mg,3.595683219999995,0.11111111111111101,0.2
,Mg,1.9713607300000051,0.0,0.07692307692307601
,Mg,2.466700857500005,0.11111111111111101,0.2
,Mg,1.480843664999999,0.0,0.08333333333333301
,Mg,2.067099594999999,0.0,0.07692307692307601
,Mg,2.4892531700000062,0.0,0.045454545454545005
,Mg,0.616470996666667,0.07692307692307601,0.25
,Mg,1.8580805299999992,0.0,0.14285714285714202
,Mg,1.896041440000009,0.0,0.1
,Mg,2.241503887499999,0.0,0.125
,Mg,1.6445920787499981,0.0,0.14285714285714202
,Mg,2.455193455000004,0.0,0.034482758620689
,Mg,1.539272384999994,0.0,0.09090909090909001
,Mg,2.225807992500002,0.0,0.14285714285714202
,Mg,2.581288170000001,0.0,0.125
,Mg,0.8694684100000001,0.0,0.07692307692307601
,Mg,2.712110415000016,0.0,0.055555555555555004
,Mg,2.6353549175,0.0,0.09090909090909001
,Mg,2.519368855,0.0,0.14285714285714202
,Mg,1.241282160000001,0.0,0.07692307692307601
,Mg,2.790450459999992,0.0,0.055555555555555004
,Mg,2.8378894375,0.0,0.07142857142857101
,Mg,2.2501100225,0.0,0.14285714285714202
,Mg,2.696278254999971,0.0,0.010101010101010001
,Mg,2.5941367849999932,0.11111111111111101,0.2
,Mg,1.956322990000001,0.0,0.0625
,Mg,1.363370369999999,0.0,0.25
,Mg,2.4539815375,0.0,0.14285714285714202
,Mg,2.687154595,0.0,0.055555555555555004
,Mg,2.395927350000005,0.0,0.08333333333333301
,Mg,0.292684639999994,0.0,0.052631578947368
,Mg,1.006998315000001,0.0,0.09090909090909001
,Mg,1.075709980000003,0.0,0.08333333333333301
,Mg,0.773409415,0.0,0.07692307692307601
,Mg,-0.582115869999962,0.0,0.023255813953488
,Mg,1.8366465950000022,0.0,0.1
,Mg,2.259462312499995,0.0,0.07142857142857101
,Mg,2.451293205000003,0.0,0.052631578947368
,Mg,2.5679686050000012,0.0,0.0625
,Mg,1.412416484999998,0.0,0.08333333333333301
,Mg,0.9057932350000091,0.0,0.058823529411764004
,Mg,0.8833229275000011,0.0,0.066666666666666
,Mg,1.394032474166665,0.0,0.14285714285714202
,Mg,0.48221026125000005,0.0,0.14285714285714202
,Mg,2.043060807500002,0.0,0.14285714285714202
,Mg,0.8197398299999931,0.0,0.058823529411764004
,Mg,0.531511259999999,0.0,0.11111111111111101
,Mg,1.281947334999988,0.0,0.058823529411764004
,Mg,0.6202012449999941,0.0,0.07692307692307601
,Mg,0.812839430000001,0.0,0.058823529411764004
,Mg,1.700183799999998,0.0,0.15384615384615302
,Mg,2.467980668750002,0.0,0.15384615384615302
,Mg,1.585397196666666,0.058823529411764004,0.2
,Mg,1.7665753950000012,0.0,0.09090909090909001
,Mg,-0.139879578333335,0.07692307692307601,0.25
,Mg,1.368768506666666,0.0,0.14285714285714202
,Mg,1.272357827500006,0.0,0.058823529411764004
,Mg,1.4379463525000031,0.0,0.14285714285714202
,Mg,0.063851037499998,0.0,0.07142857142857101
,Mg,1.338949182499999,0.0,0.14285714285714202
,Mg,3.557029565000012,0.0,0.034482758620689
,Mg,1.609834335000006,0.0,0.07692307692307601
,Mg,0.62566558,0.0,0.052631578947368
,Mg,0.469601545,0.0,0.058823529411764004
,Mg,1.043688319999998,0.0,0.14285714285714202
,Mg,0.988671534999999,0.0,0.14285714285714202
,Mg,0.6206071949999991,0.0,0.25
,Mg,0.46189951499999904,0.0,0.25
,Mg,0.7088257950000001,0.0,0.14285714285714202
,Mg,0.696042039999999,0.0,0.1
,Mg,0.9106674600000001,0.0,0.14285714285714202
,Mg,-0.147224385,0.0,0.11111111111111101
,Mg,1.113920517499999,0.0,0.14285714285714202
,Mg,1.234362154999996,0.0,0.125
,Mg,0.7237540050000011,0.0,0.25
,Mg,0.5948386049999971,0.0,0.14285714285714202
,Mg,0.08122750100000001,0.0,0.833333333333333
,Mg,0.17154571166666602,0.0,0.75
,Mg,0.305211099999999,0.0,0.5
,Mg,0.46286061833333303,0.0,0.6000000000000001
,Mg,-0.06359207749999901,0.5,0.6666666666666661
,Mg,0.014005450033783002,0.5,0.9933333333333331
,Mg,0.142193744999999,0.6666666666666661,0.75
,Mg,-0.004283307500000001,0.833333333333333,0.875
,Mg,0.15277074916666603,0.0,0.75
,Mg,-0.13015551625,0.0,0.6666666666666661
,Mg,0.033024100999999,0.0,0.833333333333333
,Mg,0.005467641428571,0.5,0.9375
,Mg,0.015023903958333001,0.833333333333333,0.9933333333333331
,Mg,0.12480599750000002,0.6666666666666661,0.75
,Mg,0.049098168749999005,0.0,0.6666666666666661
,Mg,0.096565099999999,0.5,0.75
,Mg,-0.044221213571428004,0.0,0.875
,Mg,-0.041863877499999,0.33333333333333304,0.5
,Mg,-0.011658884642857002,0.5,0.9375
,Mg,0.014052085694444001,0.833333333333333,0.9933333333333331
,Mg,0.014197351901408,0.875,0.9933333333333331
,Mg,-0.08432556714285701,0.0,0.875
,Mg,2.527757830000003,0.0,0.1
,Mg,2.2192136,0.0,0.1
,Mg,2.6180662500000023,0.0,0.052631578947368
,Mg,0.086325066666666,0.0,0.75
,Mg,-0.0032053617857140003,0.5,0.9375
,Mg,0.013217838055555,0.833333333333333,0.9933333333333331
,Mg,0.010047052499999001,0.5,0.6666666666666661
,Mg,0.04892589000000001,0.6666666666666661,0.75
,Mg,-0.006516666000000001,0.0,0.833333333333333
,Mg,4.768105848749987,0.0,0.05
,Mg,4.667578668333343,0.0,0.075
,Mg,0.0013280814285710001,0.5,0.9375
,Mg,0.018048242999999003,0.0,0.833333333333333
,Mg,0.06668679499999901,0.6666666666666661,0.75
,Mg,0.014660327887323,0.875,0.9933333333333331
,Mg,-0.455155725,0.0,0.5
,Mg,0.012064479999999001,0.5,0.75
,Mg,-0.641301924999995,0.0,0.066666666666666
,Mg,0.642495435000005,0.0,0.066666666666666
,Mg,2.6679255400000033,0.0,0.09090909090909001
,Mg,0.9392512300000011,0.0,0.05
,Mg,1.9189828850000021,0.0,0.07692307692307601
,Mg,0.415090985000003,0.0,0.066666666666666
,Mg,1.7256323025,0.0,0.0625
,Mg,1.902205949999999,0.0,0.07142857142857101
,Mg,1.514066345,0.0,0.052631578947368
,Mg,-0.474528574999996,0.0,0.066666666666666
,Mg,-0.7226066550000021,0.0,0.066666666666666
,Mg,0.442470394999998,0.0,0.066666666666666
,Mg,0.605635074999999,0.0,0.09090909090909001
,Mg,1.785883170000002,0.0,0.1
,Mg,1.920633095000003,0.0,0.1
,Mg,0.532167919999996,0.0,0.07692307692307601
,Mg,-0.07310918249999901,0.833333333333333,0.875
,Mg,-0.024377023214285,0.5,0.9375
,Mg,0.09081726250000001,0.6666666666666661,0.75
,Mg,-0.018902922500000002,0.5,0.75
,Mg,-0.0706953775,0.0,0.833333333333333
,Mg,-0.33601455500000105,0.0,0.07692307692307601
,Mg,-0.9293024349999991,0.0,0.07692307692307601
,Mg,1.302421470000003,0.0,0.052631578947368
,Mg,0.49938926999999905,0.0,0.1
,Mg,0.8634781799999981,0.0,0.07692307692307601
,Mg,-0.73258973999999,0.0,0.04
,Mg,2.566601099999997,0.0,0.09090909090909001
,Mg,-1.257080374999996,0.0,0.022222222222222
,Mg,0.7366774674999921,0.0,0.07142857142857101
,Mg,0.9294606399999991,0.0,0.052631578947368
,Mg,1.2428602299999951,0.0,0.07692307692307601
,Mg,0.944648585,0.0,0.07692307692307601
,Mg,3.281758689999997,0.0,0.07692307692307601
,Mg,2.857291794999999,0.0,0.07692307692307601
,Mg,-1.216859784999999,0.0,0.08333333333333301
,Mg,1.145124979999995,0.0,0.066666666666666
,Mg,0.7007409550000051,0.0,0.066666666666666
,Mg,0.97464698,0.0,0.066666666666666
,Mg,2.542761275000001,0.0,0.066666666666666
,Mg,1.326539489999999,0.0,0.14285714285714202
,Mg,-0.051703300000002006,0.0,0.058823529411764004
,Mg,-0.8188956175000001,0.0,0.066666666666666
,Mg,2.507129905000003,0.0,0.066666666666666
,Mg,0.953686565000002,0.0,0.066666666666666
,Mg,1.87876047,0.0,0.058823529411764004
,Mg,0.970324569999999,0.0,0.066666666666666
,Mg,1.976455429999999,0.0,0.052631578947368
,Mg,-0.45228525999999103,0.0,0.066666666666666
,Mg,2.780625675000001,0.0,0.07692307692307601
,Mg,1.045369675,0.0,0.066666666666666
,Mg,0.959699245,0.0,0.066666666666666
,Mg,0.9836347900000011,0.0,0.066666666666666
,Mg,0.9525937700000041,0.0,0.066666666666666
,Mg,2.075376884999998,0.0,0.09090909090909001
,Mg,1.066940100000001,0.0,0.058823529411764004
,Mg,0.9016106649999971,0.0,0.058823529411764004
,Mg,1.317127054999997,0.0,0.055555555555555004
,Mg,0.508273649999997,0.0,0.09090909090909001
,Mg,0.32222313499999905,0.0,0.066666666666666
,Mg,-2.2697561799999972,0.0,0.047619047619047006
,Mg,1.5026686949999941,0.0,0.052631578947368
,Mg,0.024415354999999,0.0,0.07692307692307601
,Mg,0.6956722900000021,0.0,0.066666666666666
,Mg,1.335320768749999,0.0,0.2
,Mg,1.436129650000002,0.0,0.11111111111111101
,Mg,2.013784760000001,0.0,0.14285714285714202
,Mg,1.053876434999996,0.0,0.09090909090909001
,Mg,0.986529375,0.0,0.07692307692307601
,Mg,1.018217064999999,0.0,0.07692307692307601
,Mg,1.090259865000004,0.0,0.07692307692307601
,Mg,-0.106198414999999,0.0,0.75
,Mg,2.642422244999996,0.0,0.1
,Mg,2.320048829999995,0.0,0.052631578947368
,Mg,2.6430083499999992,0.0,0.1
,Mg,1.650526409999995,0.0,0.07692307692307601
,Mg,3.214069315,0.0,0.07692307692307601
,Mg,0.579934267499998,0.0,0.066666666666666
,Mg,1.078933225000001,0.0,0.2
,Mg,3.176027835000003,0.0,0.05
,Mg,0.849466024999995,0.0,0.066666666666666
,Mg,0.10839189999999801,0.0,0.11111111111111101
,Mg,3.973870854999998,0.0,0.058823529411764004
,Mg,2.282715909999997,0.0,0.052631578947368
,Mg,2.245618430000005,0.0,0.052631578947368
,Mg,2.414057785000001,0.0,0.07692307692307601
,Mg,2.399019369999995,0.0,0.052631578947368
,Mg,1.513604084999998,0.0,0.052631578947368
,Mg,2.6986066299999982,0.0,0.052631578947368
,Mg,3.970872390000001,0.0,0.058823529411764004
,Mg,2.36256499,0.0,0.052631578947368
,Mg,1.578382089999995,0.0,0.052631578947368
,Mg,2.088889549999998,0.0,0.052631578947368
,Mg,2.294634634999998,0.0,0.052631578947368
,Mg,2.229739509999999,0.0,0.052631578947368
,Mg,2.767800810000001,0.0,0.052631578947368
,Mg,2.6212773750000022,0.0,0.052631578947368
,Mg,4.1875632799999964,0.0,0.066666666666666
,Mg,3.362862505,0.0,0.14285714285714202
,Mg,0.8917927700000131,0.0,0.066666666666666
,Mg,2.97171714,0.0,0.052631578947368
,Mg,0.49336107500000004,0.0,0.066666666666666
,Mg,1.139093469999996,0.0,0.066666666666666
,Mg,3.566134049999999,0.0,0.07692307692307601
,Mg,2.093422575000002,0.0,0.07692307692307601
,Mg,2.977196905000004,0.0,0.1
,Mg,2.1245416599999962,0.0,0.052631578947368
,Mg,3.517126514999991,0.0,0.04
,Mg,1.990643859999996,0.0,0.027027027027027
,Mg,0.364414695000012,0.0,0.027027027027027
,Mg,1.319749644999999,0.0,0.09090909090909001
,Mg,1.7089238150000101,0.0,0.052631578947368
,Mg,1.122301620000002,0.0,0.11111111111111101
,Mg,-0.9603371149999971,0.0,0.066666666666666
,Mg,3.150787930000004,0.0,0.0625
,Mg,1.14311246500002,0.0,0.020408163265306003
,Mg,0.017696979999997,0.0,0.11111111111111101
,Mg,2.296263799999995,0.0,0.07142857142857101
,Mg,3.153296720000033,0.0,0.017857142857142003
,Mg,-0.032328724999994,0.0,0.047619047619047006
,Mg,2.267175589999998,0.0,0.05
,Mg,3.089600350000002,0.0,0.052631578947368
,Mg,2.8401412899999983,0.0,0.14285714285714202
,Mg,2.889055994999997,0.0,0.07692307692307601
,Mg,3.294716160000004,0.0,0.07692307692307601
,Mg,3.182558079999997,0.0,0.07692307692307601
,Mg,2.502301830000012,0.0,0.07142857142857101
,Mg,2.506404195000006,0.0,0.1
,Mg,2.399382120000003,0.0,0.1
,Mg,2.900583099999996,0.0,0.07692307692307601
,Mg,2.6556944899999992,0.0,0.07692307692307601
,Mg,1.660637744999992,0.0,0.052631578947368
,Mg,3.012078104999998,0.0,0.0625
,Mg,1.393677019999995,0.0,0.07692307692307601
,Mg,1.3797618599999921,0.0,0.052631578947368
,Mg,1.6784371699999971,0.0,0.2
,Mg,2.549664805,0.0,0.09090909090909001
,Mg,1.524133632499993,0.0,0.07692307692307601
,Mg,0.7139271850000001,0.0,0.052631578947368
,Mg,0.8371384549999991,0.0,0.066666666666666
,Mg,-2.296457774999999,0.0,0.11111111111111101
,Mg,0.429786052499996,0.0,0.052631578947368
,Mg,2.248384969999994,0.0,0.07692307692307601
,Mg,0.5727689675000011,0.0,0.052631578947368
,Mg,1.264036309999999,0.0,0.066666666666666
,Mg,3.161019022500004,0.0,0.07692307692307601
,Mg,3.0149806925,0.0,0.1
,Mg,3.414816352500001,0.0,0.07692307692307601
,Mg,1.392648885000004,0.0,0.066666666666666
,Mg,2.938654525000001,0.0,0.07142857142857101
,Mg,2.919679449999993,0.0,0.07142857142857101
,Mg,2.614206565,0.0,0.052631578947368
,Mg,1.51447062,0.0,0.052631578947368
,Mg,0.061963495000005,0.0,0.066666666666666
,Mg,0.065719840000004,0.0,0.066666666666666
,Mg,3.176971667499999,0.0,0.14285714285714202
,Mg,3.132688951666666,0.0,0.14285714285714202
,Mg,2.438847544999999,0.0,0.14285714285714202
,Mg,3.238373990000004,0.0,0.08333333333333301
,Mg,3.187598672499999,0.0,0.14285714285714202
,Mg,3.335308070000001,0.0,0.09090909090909001
,Mg,3.1763870775,0.0,0.14285714285714202
,Mg,2.455062860000002,0.0,0.14285714285714202
,Mg,3.393782079999998,0.0,0.14285714285714202
,Mg,3.505783285,0.0,0.14285714285714202
,Mg,2.996944742499999,0.0,0.14285714285714202
,Mg,2.5167655149999932,0.0,0.05
,Mg,2.644927150000005,0.0,0.07142857142857101
,Mg,3.011097549999999,0.0,0.14285714285714202
,Mg,4.202202285000017,0.0,0.018867924528301
,Mg,3.275194382500008,0.0,0.045454545454545005
,Mg,3.749234689999999,0.0,0.023809523809523003
,Mg,4.886553082499998,0.0,0.055555555555555004
,Mg,2.463848355,0.0,0.07692307692307601
,Mg,4.246078665000003,0.0,0.09090909090909001
,Mg,4.052603160000008,0.0,0.024390243902439
,Mg,2.791764574999999,0.0,0.07692307692307601
,Mg,2.459355594999995,0.0,0.027027027027027
,Mg,3.767023957499999,0.0,0.07692307692307601
,Mg,3.349605542499997,0.0,0.1
,Mg,-0.262189384999994,0.0,0.07692307692307601
,Mg,0.42202413000000105,0.0,0.08333333333333301
,Mg,2.212952474999999,0.0,0.066666666666666
,Mg,2.486625550000004,0.0,0.07692307692307601
,Mg,0.270626449999999,0.0,0.052631578947368
,Mg,2.783420024999995,0.0,0.07692307692307601
,Mg,1.898882149999995,0.0,0.052631578947368
,Mg,2.671156874999998,0.0,0.07692307692307601
,Mg,0.067963324999998,0.0,0.066666666666666
,Mg,2.5225979600000032,0.0,0.052631578947368
,Mg,3.2434690799999952,0.0,0.0625
,Mg,3.568544501250006,0.0,0.1
,Mg,1.295605040000002,0.0,0.052631578947368
,Mg,0.397831735000001,0.0,0.030303030303030002
,Mg,3.903953294999998,0.0,0.07692307692307601
,Mg,2.808142479999998,0.0,0.1
,Mg,0.42274291750000004,0.0,0.09090909090909001
,Mg,-0.43349149500000006,0.0,0.066666666666666
,Mg,2.8530543149999983,0.0,0.07692307692307601
,Mg,2.195377694999995,0.0,0.09090909090909001
,Mg,1.516025930000002,0.0,0.07692307692307601
,Mg,1.806546637499995,0.0,0.1
,Mg,1.7570075400000011,0.0,0.07692307692307601
,Mg,1.543971515,0.0,0.052631578947368
,Mg,2.461357567499999,0.0,0.1
,Mg,3.389259155000002,0.0,0.07692307692307601
,Mg,2.717142159999999,0.0,0.07692307692307601
,Mg,0.281541125000001,0.0,0.07692307692307601
,Mg,3.757441730000001,0.0,0.08333333333333301
,Mg,1.123945715000002,0.0,0.066666666666666
,Mg,2.551780169999998,0.0,0.09090909090909001
,Mg,1.445513729999992,0.0,0.037037037037037
,Mg,1.4343279149999981,0.0,0.14285714285714202
,Mg,-1.31244665,0.0,0.07692307692307601
,Mg,0.7911550150000001,0.0,0.25
,Mg,-1.408230075000001,0.0,0.07692307692307601
,Mg,0.747876049999999,0.0,0.066666666666666
,Mg,-0.284220960000001,0.0,0.066666666666666
,Mg,1.044599965,0.0,0.07142857142857101
,Mg,1.076695349999998,0.0,0.07142857142857101
,Mg,0.014074193239436001,0.875,0.9933333333333331
,Mg,-0.170590704999999,0.0,0.75
,Mg,2.707770994999994,0.0,0.05
,Mg,2.9343869174999972,0.0,0.07692307692307601
,Mg,2.99648414166666,0.0,0.09090909090909001
,Mg,2.022468749999999,0.0,0.07692307692307601
,Mg,0.836369365000014,0.0,0.04
,Mg,0.62526204,0.0,0.066666666666666
,Mg,1.804296390000002,0.0,0.07692307692307601
,Mg,1.8501324349999961,0.0,0.07692307692307601
,Mg,4.036393792500001,0.0,0.16666666666666602
,Mg,4.915985875000001,0.0,0.14285714285714202
,Mg,5.25015577,0.0,0.125
,Mg,3.117627525,0.0,0.066666666666666
,Mg,2.563719199999998,0.0,0.1
,Mg,2.482846659999997,0.0,0.027027027027027
,Mg,1.202387935000001,0.0,0.09090909090909001
,Mg,2.344349904999991,0.0,0.058823529411764004
,Mg,3.146963384999996,0.0,0.07142857142857101
,Mg,2.387731364999998,0.0,0.058823529411764004
,Mg,2.582501963333328,0.0,0.081081081081081
,Mg,1.499713279999999,0.0,0.07692307692307601
,Mg,2.21888091499999,0.0,0.027027027027027
,Mg,1.291352999999998,0.0,0.07692307692307601
,Mg,3.964873050833332,0.0,0.15
,Mg,1.5798032449999981,0.0,0.032258064516129004
,Mg,-0.083559919999994,0.0,0.09090909090909001
,Mg,1.591713430000003,0.0,0.07692307692307601
,Mg,3.395694977499997,0.0,0.1
,Mg,1.797587820000001,0.0,0.07692307692307601
,Mg,2.210975684999998,0.0,0.07692307692307601
,Mg,3.199078803749999,0.0,0.2
,Mg,2.050439659999999,0.0,0.0625
,Mg,4.383681084999996,0.0,0.1
,Mg,0.9622403650000041,0.0,0.052631578947368
,Mg,3.476004234999995,0.0,0.1
,Mg,2.6981677024999993,0.0,0.1
,Mg,0.462369778749992,0.0,0.05
,Mg,1.232515127499998,0.0,0.1
,Mg,1.86694914,0.0,0.07692307692307601
,Mg,2.500446565000008,0.0,0.08333333333333301
,Mg,3.073631252499997,0.0,0.066666666666666
,Mg,2.588791327500001,0.0,0.066666666666666
,Mg,0.041911750000015006,0.0,0.027027027027027
,Mg,0.031305889999996,0.0,0.0625
,Mg,-0.904893715000002,0.0,0.052631578947368
,Mg,3.357398954999998,0.0,0.0625
,Mg,2.269248065000003,0.0,0.052631578947368
,Mg,2.417666005000005,0.0,0.052631578947368
,Mg,2.138543839999998,0.0,0.14285714285714202
,Mg,2.5193621250000042,0.0,0.052631578947368
,Mg,1.868142074999998,0.0,0.052631578947368
,Mg,2.796811049999999,0.0,0.066666666666666
,Mg,2.639588575000001,0.0,0.07142857142857101
,Mg,3.514723460000003,0.0,0.066666666666666
,Mg,2.50056776,0.0,0.052631578947368
,Mg,2.4519379500000062,0.0,0.052631578947368
,Mg,2.286025769999999,0.0,0.052631578947368
,Mg,2.00070587500002,0.0,0.052631578947368
,Mg,2.671620635,0.0,0.052631578947368
,Mg,1.967189275,0.0,0.052631578947368
,Mg,2.173691609999996,0.0,0.052631578947368
,Mg,1.839394265000003,0.0,0.052631578947368
,Mg,1.9352908650000031,0.0,0.052631578947368
,Mg,2.923753485000003,0.0,0.0625
,Mg,2.113699074999989,0.0,0.052631578947368
,Mg,1.601603639999994,0.0,0.052631578947368
,Mg,2.560392999999995,0.0,0.052631578947368
,Mg,2.303762050000007,0.0,0.052631578947368
,Mg,2.524815914999995,0.0,0.052631578947368
,Mg,2.462297499999995,0.0,0.052631578947368
,Mg,2.432367654999997,0.0,0.052631578947368
,Mg,2.104818169999999,0.0,0.058823529411764004
,Mg,1.882839675000004,0.0,0.052631578947368
,Mg,2.292087325000001,0.0,0.052631578947368
,Mg,2.392195030000015,0.0,0.052631578947368
,Mg,2.587555415000001,0.0,0.052631578947368
,Mg,2.245041155,0.0,0.052631578947368
,Mg,2.510196530000006,0.0,0.052631578947368
,Mg,2.026210579999998,0.0,0.052631578947368
,Mg,2.099493915000001,0.0,0.052631578947368
,Mg,2.082902785000006,0.0,0.052631578947368
,Mg,2.713046910000006,0.0,0.052631578947368
,Mg,1.6055540599999931,0.0,0.04
,Mg,2.530423000000003,0.0,0.052631578947368
,Mg,2.441586875000003,0.0,0.052631578947368
,Mg,2.189292645000013,0.0,0.052631578947368
,Mg,2.110900529999999,0.0,0.052631578947368
,Mg,2.061794295000003,0.0,0.04
,Mg,1.707340289999991,0.0,0.052631578947368
,Mg,2.402152359999992,0.0,0.04
,Mg,2.710162820000012,0.0,0.052631578947368
,Mg,2.5700079199999992,0.0,0.052631578947368
,Mg,2.418973509999991,0.0,0.052631578947368
,Mg,1.565222580000029,0.0,0.027027027027027
,Mg,1.6539923650000121,0.0,0.027027027027027
,Mg,1.726116730000005,0.0,0.052631578947368
,Mg,3.6448295449999972,0.0,0.066666666666666
,Mg,2.743491445000001,0.0,0.066666666666666
,Mg,3.332522872500001,0.0,0.14285714285714202
,Mg,3.28763183,0.0,0.14285714285714202
,Mg,1.152554164999995,0.0,0.09090909090909001
,Mg,2.494153529999999,0.0,0.09090909090909001
,Mg,-0.050790024999993,0.0,0.052631578947368
,Mg,2.085960960000005,0.0,0.07692307692307601
,Mg,0.8668606049999961,0.0,0.11111111111111101
,Mg,0.8539084449999991,0.0,0.08333333333333301
,Mg,0.9482899550000041,0.0,0.08333333333333301
,Mg,1.211302915000009,0.0,0.058823529411764004
,Mg,1.030766655000001,0.0,0.16666666666666602
,Mg,0.775646585000001,0.0,0.11111111111111101
,Mg,0.9278161799999981,0.0,0.058823529411764004
,Mg,5.506067987499998,0.0,0.16666666666666602
,Mg,2.311548194999997,0.0,0.058823529411764004
,Mg,1.012490995000004,0.0,0.066666666666666
,Mg,2.7153958900000013,0.0,0.066666666666666
,Mg,2.518591594999994,0.0,0.066666666666666
,Mg,0.330181435000004,0.0,0.055555555555555004
,Mg,2.8296583650000042,0.0,0.07142857142857101
,Mg,2.4861823,0.0,0.11111111111111101
,Mg,2.149089840000001,0.0,0.16666666666666602
,Mg,2.241680195000005,0.0,0.08333333333333301
,Mg,0.16594418999999802,0.0,0.11111111111111101
,Mg,0.433024685000011,0.0,0.052631578947368
,Mg,2.261687650000003,0.0,0.058823529411764004
,Mg,3.093769859999992,0.0,0.058823529411764004
,Mg,2.667626774999999,0.0,0.058823529411764004
,Mg,2.53647637,0.0,0.058823529411764004
,Mg,2.393963525000008,0.0,0.058823529411764004
,Mg,2.313864235000001,0.0,0.2
,Mg,2.143125644999995,0.0,0.058823529411764004
,Mg,1.552039352500002,0.0,0.2
,Mg,2.524719585000004,0.0,0.058823529411764004
,Mg,2.204696399999993,0.058823529411764004,0.11111111111111101
,Mg,2.393534249999992,0.0,0.058823529411764004
,Mg,2.440691070000004,0.0,0.058823529411764004
,Mg,2.360092235,0.0,0.058823529411764004
,Mg,2.516864130000006,0.0,0.058823529411764004
,Mg,3.052278974999997,0.0,0.052631578947368
,Mg,0.466669354999997,0.0,0.04
,Mg,2.504278029999999,0.0,0.058823529411764004
,Mg,2.491632779999993,0.0,0.058823529411764004
,Mg,3.3505082950000022,0.0,0.0625
,Mg,2.496893324999999,0.0,0.058823529411764004
,Mg,2.41871101,0.0,0.058823529411764004
,Mg,2.031100592500004,0.0,0.11111111111111101
,Mg,2.491047219999989,0.0,0.058823529411764004
,Mg,3.483532484999988,0.0,0.032258064516129004
,Mg,2.656623170000007,0.0,0.058823529411764004
,Mg,2.446956450000006,0.0,0.058823529411764004
,Mg,2.962810795,0.0,0.08333333333333301
,Mg,3.493509530000001,0.0,0.09090909090909001
,Mg,3.488037275000001,0.0,0.09090909090909001
,Mg,2.681414280000003,0.0,0.058823529411764004
,Mg,2.322582125000001,0.0,0.058823529411764004
,Mg,1.999557530000001,0.0,0.066666666666666
,Mg,0.25952850000000605,0.0,0.04
,Mg,2.659898090000003,0.0,0.058823529411764004
,Mg,2.407024075,0.0,0.058823529411764004
,Mg,2.470893829999998,0.0,0.058823529411764004
,Mg,0.754821795000002,0.0,0.052631578947368
,Mg,2.334398139999995,0.0,0.11111111111111101
,Mg,2.590566325000002,0.0,0.058823529411764004
,Mg,2.452864029999991,0.0,0.058823529411764004
,Mg,2.651064330000001,0.0,0.058823529411764004
,Mg,1.767716634999996,0.0,0.04
,Mg,2.7177755499999963,0.0,0.058823529411764004
,Mg,2.375187435000005,0.0,0.058823529411764004
,Mg,3.453434275000011,0.0,0.032258064516129004
,Mg,2.459033195000001,0.0,0.07692307692307601
,Mg,2.114183115,0.0,0.07692307692307601
,Mg,2.381159354999998,0.0,0.07692307692307601
,Mg,2.022444529999998,0.0,0.09090909090909001
,Mg,2.265111999999999,0.0,0.14285714285714202
,Mg,2.956845597500002,0.0,0.14285714285714202
,Mg,3.844226412499996,0.0,0.14285714285714202
,Mg,2.50985854375,0.0,0.14285714285714202
,Mg,2.539433027499996,0.0,0.14285714285714202
,Mg,0.00884901862416,0.0,0.9933333333333331
,Mg,0.7715654899999971,0.0,0.058823529411764004
,Mg,0.279311763750001,0.0,0.2
,Mg,0.517458505000001,0.0,0.11111111111111101
,Mg,0.36630084749999703,0.0,0.09090909090909001
,Mg,0.9273883800000011,0.0,0.066666666666666
,Mg,-0.7125804250000081,0.0,0.024390243902439
,Mg,-0.166710574999998,0.0,0.066666666666666
,Mg,0.9683891524999991,0.0,0.11111111111111101
,Mg,-0.162730065,0.0,0.07142857142857101
,Mg,0.020433033749999,0.0,0.07692307692307601
,Mg,0.100096719999997,0.0,0.11111111111111101
,Mg,0.9775156674999981,0.0,0.1
,Mg,2.082333351249997,0.0,0.07142857142857101
,Mg,2.184987227499999,0.0,0.1
,Mg,2.723479074999997,0.0,0.1
,Mg,2.269373989999995,0.0,0.052631578947368
,Mg,1.235843202499997,0.0,0.052631578947368
,Mg,2.831876587500003,0.0,0.1
,Mg,1.7300474175,0.0,0.1
,Mg,0.16409105000000002,0.0,0.066666666666666
,Mg,2.541349174999998,0.0,0.07692307692307601
,Mg,3.010906225000004,0.0,0.07692307692307601
,Mg,2.124788100000001,0.0,0.07142857142857101
,Mg,1.030384924999997,0.0,0.066666666666666
,Mg,1.066199834999996,0.0,0.066666666666666
,Mg,3.295097549999998,0.0,0.052631578947368
,Mg,0.706951399999998,0.0,0.066666666666666
,Mg,2.422215154999993,0.0,0.04
,Mg,0.92582336,0.0,0.09090909090909001
,Mg,2.228762718333333,0.0,0.081081081081081
,Mg,-0.388289774999999,0.0,0.09090909090909001
,Mg,1.432817174999999,0.0,0.2
,Mg,2.332863254999997,0.0,0.052631578947368
,Mg,2.398463484999998,0.0,0.066666666666666
,Mg,0.41941122500000205,0.0,0.058823529411764004
,Mg,1.173073355000004,0.0,0.066666666666666
,Mg,2.279773735000003,0.0,0.07692307692307601
,Mg,0.44309991999999904,0.0,0.058823529411764004
,Mg,0.44979741624999703,0.0,0.07692307692307601
,Mg,1.343297744999998,0.0,0.07692307692307601
,Mg,1.3785146200000011,0.0,0.07692307692307601
,Mg,0.07207464000000101,0.0,0.066666666666666
,Mg,1.3961080350000021,0.0,0.066666666666666
,Mg,0.6967948650000051,0.0,0.033333333333333
,Mg,2.54282932,0.0,0.09090909090909001
,Mg,4.142899002499999,0.0,0.07142857142857101
,Mg,1.601181090000001,0.0,0.027027027027027
,Mg,0.5803468150000031,0.0,0.052631578947368
,Mg,0.0037357150000020003,0.0,0.066666666666666
,Mg,3.84365596333333,0.0,0.14285714285714202
,Mg,2.640936530000002,0.0,0.09090909090909001
,Mg,3.958045042500001,0.0,0.14285714285714202
,Mg,3.9504449883333352,0.0,0.14285714285714202
,Mg,1.161017737499997,0.14285714285714202,0.25
,Mg,3.8608110425000013,0.0,0.14285714285714202
,Mg,3.8932313575,0.0,0.14285714285714202
,Mg,2.474590414999999,0.0,0.04
,Mg,3.851714435833327,0.0,0.14285714285714202
,Mg,1.122809649999998,0.0,0.09090909090909001
,Mg,3.759904998749999,0.0,0.14285714285714202
,Mg,2.704449492499994,0.0,0.08333333333333301
,Mg,3.240059315,0.0,0.07692307692307601
,Mg,2.552473719999999,0.0,0.07692307692307601
,Mg,3.531887530000002,0.0,0.07692307692307601
,Mg,-0.37770367249999903,0.0,0.09090909090909001
,Mg,2.199419100000004,0.0,0.04
,Mg,2.364010419999961,0.0,0.018867924528301
,Mg,2.218406059999997,0.0,0.09090909090909001
,Mg,3.861524804999992,0.0,0.05
,Mg,4.194604357500002,0.0,0.055555555555555004
,Mg,2.437273189999989,0.0,0.045454545454545005
,Mg,1.804392914999998,0.0,0.052631578947368
,Mg,2.456583822499998,0.0,0.09090909090909001
,Mg,0.9789021599999971,0.0,0.14285714285714202
,Mg,4.053696907500002,0.0,0.07142857142857101
,Mg,1.9644058400000022,0.0,0.04
,Mg,2.669234054999994,0.0,0.04
,Mg,1.390385994999999,0.0,0.08333333333333301
,Mg,3.478282777499996,0.0,0.07692307692307601
,Mg,2.963643207500003,0.0,0.047619047619047006
,Mg,3.535330472499997,0.0,0.1
,Mg,-0.442838737499999,0.0,0.066666666666666
,Mg,3.574862604999996,0.0,0.066666666666666
,Mg,3.762248724999996,0.0,0.066666666666666
,Mg,2.123506405000005,0.0,0.07692307692307601
,Mg,2.307949859999998,0.0,0.066666666666666
,Mg,1.007181405000001,0.0,0.14285714285714202
,Mg,3.2358273100000012,0.0,0.055555555555555004
,Mg,0.400412607500006,0.0,0.052631578947368
,Mg,2.449700155000006,0.0,0.066666666666666
,Mg,3.498964600000005,0.0,0.066666666666666
,Mg,1.6526929399999981,0.0,0.05
,Mg,-0.27727010500000204,0.0,0.09090909090909001
,Mg,1.882058205000004,0.0,0.066666666666666
,Mg,2.270640730000001,0.0,0.066666666666666
,Mg,2.010743846249998,0.0,0.07142857142857101
,Mg,2.195214675,0.0,0.066666666666666
,Mg,1.892701652499998,0.0,0.05
,Mg,2.285673039999996,0.0,0.055555555555555004
,Mg,0.33944047999999705,0.0,0.058823529411764004
,Mg,1.8633481599999981,0.0,0.1
,Mg,-0.443823154999999,0.0,0.16666666666666602
,Mg,1.003961650000012,0.0,0.052631578947368
,Mg,1.414308095,0.0,0.07692307692307601
,Mg,-0.453759830000005,0.0,0.07692307692307601
,Mg,2.163497165,0.0,0.052631578947368
,Mg,2.355581750833332,0.0,0.15
,Mg,0.46771518999999706,0.0,0.043478260869565
,Mg,-1.597121194999998,0.0,0.125
,Mg,-1.133125424999998,0.0,0.09090909090909001
,Mg,1.2973228700000061,0.0,0.05
,Mg,1.539799595000002,0.0,0.052631578947368
,Mg,0.182261844999996,0.0,0.066666666666666
,Mg,1.142709485000002,0.0,0.066666666666666
,Mg,2.046887542499999,0.0,0.125
,Mg,2.139051995,0.0,0.11111111111111101
,Mg,2.004198107499999,0.0,0.2
,Mg,2.261949524999996,0.0,0.08333333333333301
,Mg,1.365618975000001,0.0,0.07692307692307601
,Mg,1.620101715000001,0.0,0.07692307692307601
,Mg,0.7916017750000081,0.0,0.05
,Mg,2.343262314999994,0.0,0.052631578947368
,Mg,1.420814789999998,0.0,0.07142857142857101
,Mg,0.787598495000002,0.0,0.08333333333333301
,Mg,-0.12401044999999901,0.0,0.14285714285714202
,Mg,0.9846792149999971,0.0,0.066666666666666
,Mg,-0.13887801499999802,0.0,0.14285714285714202
,Mg,0.21015821,0.0,0.14285714285714202
,Mg,-0.08789469500000101,0.0,0.14285714285714202
,Mg,-0.160327564999998,0.0,0.1
,Mg,-0.135922535000001,0.0,0.1
,Mg,-0.141932169999999,0.0,0.1
,Mg,-0.132385505000004,0.0,0.07692307692307601
,Mg,-0.14786426000000102,0.0,0.07692307692307601
,Mg,-0.356975489999998,0.0,0.07692307692307601
,Mg,-0.198126664999999,0.0,0.07692307692307601
,Mg,-0.17077203000000402,0.0,0.07692307692307601
,Mg,-0.201125295000006,0.0,0.07692307692307601
,Mg,-0.13675193999999802,0.0,0.07692307692307601
,Mg,-0.20704566499999802,0.0,0.07692307692307601
,Mg,-0.275126760000001,0.0,0.07692307692307601
,Mg,-0.19455419000000002,0.0,0.07692307692307601
,Mg,-0.220156439999999,0.0,0.07692307692307601
,Mg,-0.22725953499999701,0.0,0.07692307692307601
,Mg,-0.20485704499999902,0.0,0.07692307692307601
,Mg,-0.22356409999999902,0.0,0.07692307692307601
,Mg,-0.187172064999994,0.0,0.1
,Mg,-0.22198225499999502,0.0,0.1
,Mg,-0.25637087000000003,0.0,0.07692307692307601
,Mg,-0.18007265499999903,0.0,0.1
,Mg,-0.21261585500000502,0.0,0.07692307692307601
,Mg,-0.188805770000004,0.0,0.07692307692307601
,Mg,-0.148708890000004,0.0,0.1
,Mg,-0.163070284999998,0.0,0.1
,Mg,-0.222237280000004,0.0,0.07692307692307601
,Mg,-0.13947077999999802,0.0,0.1
,Mg,-0.18987499000000202,0.0,0.07692307692307601
,Mg,-0.23689035999999902,0.0,0.07692307692307601
,Mg,-0.223665500000005,0.0,0.07692307692307601
,Mg,-0.20126971499999702,0.0,0.07692307692307601
,Mg,-0.195249900000002,0.0,0.07692307692307601
,Mg,-0.18761602499999902,0.0,0.07692307692307601
,Mg,0.20288536999999401,0.0,0.07692307692307601
,Mg,-0.202922545000002,0.0,0.07692307692307601
,Mg,-0.161437784999999,0.0,0.07692307692307601
,Mg,-0.20534764000000102,0.0,0.07692307692307601
,Mg,-0.175339494999998,0.0,0.07692307692307601
,Mg,-0.216161184999999,0.0,0.07692307692307601
,Mg,-0.222925375000005,0.0,0.07692307692307601
,Mg,-0.21826529499999703,0.0,0.07692307692307601
,Mg,-0.146807810000001,0.0,0.07692307692307601
,Mg,-0.195413365000002,0.0,0.07692307692307601
,Mg,-0.20029792499999602,0.0,0.07692307692307601
,Mg,-0.24985731500000202,0.0,0.07692307692307601
,Mg,-0.13895126000000102,0.0,0.07692307692307601
,Mg,-0.19300981500000602,0.0,0.07692307692307601
,Mg,-0.19615310000000602,0.0,0.07692307692307601
,Mg,-0.182573229999998,0.0,0.1
,Mg,-0.19103914500000002,0.0,0.07692307692307601
,Mg,-0.22352496500000502,0.0,0.07692307692307601
,Mg,-0.180443495000001,0.0,0.1
,Mg,-0.17855711499999902,0.0,0.1
,Mg,-0.208321154999995,0.0,0.1
,Mg,-0.175570199999998,0.0,0.1
,Mg,-0.194384429999994,0.0,0.1
,Mg,-0.21858410500000003,0.0,0.1
,Mg,-0.11017578500000501,0.0,0.07692307692307601
,Mg,-0.19332697000000001,0.0,0.1
,Mg,-0.14516720500000202,0.0,0.07692307692307601
,Mg,-0.10945939,0.0,0.07692307692307601
,Mg,-0.15068973000000502,0.0,0.1
,Mg,-0.10677730500000301,0.0,0.07692307692307601
,Mg,-0.14404149999999502,0.0,0.07692307692307601
,Mg,-0.190578070000003,0.0,0.1
,Mg,-0.189737855000003,0.0,0.1
,Mg,-0.16637922500000202,0.0,0.07692307692307601
,Mg,-0.19168927500000402,0.0,0.07692307692307601
,Mg,-0.14444584499999502,0.0,0.07692307692307601
,Mg,-0.187018749999999,0.0,0.1
,Mg,-0.142816319999996,0.0,0.07692307692307601
,Mg,-0.16096664499999702,0.0,0.07692307692307601
,Mg,-0.20595654999999802,0.0,0.07692307692307601
,Mg,-0.205211424999997,0.0,0.1
,Mg,-0.209324060000002,0.0,0.07692307692307601
,Mg,-0.156566694999997,0.0,0.14285714285714202
,Mg,0.7863136033333351,0.0,0.09677419354838701
,Mg,1.050356934999986,0.0,0.07692307692307601
,Mg,0.593471975000004,0.0,0.07692307692307601
,Mg,0.44459945499999903,0.0,0.14285714285714202
,Mg,1.672856799999999,0.0,0.2
,Mg,0.34097285000000405,0.0,0.045454545454545005
,Mg,0.38007137499999005,0.0,0.058823529411764004
,Mg,0.372810065,0.0,0.058823529411764004
,Mg,0.40378869000000306,0.0,0.058823529411764004
,Mg,0.43590489999998705,0.0,0.058823529411764004
,Mg,1.012604968333333,0.0,0.6000000000000001
,Mg,0.480300125000003,0.0,0.09090909090909001
,Mg,-1.412013540000006,0.0,0.066666666666666
,Mg,-0.9867422049999941,0.0,0.055555555555555004
,Mg,2.530992389999999,0.0,0.052631578947368
,Mg,2.375075915000001,0.0,0.052631578947368
,Mg,2.507703850000003,0.0,0.055555555555555004
,Mg,-1.634066039999999,0.0,0.11111111111111101
,Mg,-1.378590115000004,0.0,0.066666666666666
,Mg,-0.8657818150000011,0.0,0.066666666666666
,Mg,0.9431343399999971,0.0,0.058823529411764004
,Mg,-0.619556615000003,0.0,0.058823529411764004
,Mg,-1.913123335,0.0,0.08333333333333301
,Mg,0.507877049999998,0.0,0.09090909090909001
,Mg,-1.385744805000011,0.0,0.052631578947368
,Mg,-1.050203504999994,0.0,0.055555555555555004
,Mg,-1.461321864999997,0.0,0.066666666666666
,Mg,0.220679439999995,0.0,0.0625
,Mg,-0.077798029999999,0.0,0.058823529411764004
,Mg,-0.20590255000000002,0.0,0.11111111111111101
,Mg,-0.174301744999996,0.0,0.07692307692307601
,Mg,1.8890211150000031,0.0,0.0625
,Mg,0.7526773999999999,0.0,0.058823529411764004
,Mg,0.19611256999998702,0.0,0.052631578947368
,Mg,-0.10167215750000001,0.0,0.07692307692307601
,Mg,0.905114645000002,0.0,0.05
,Mg,-0.07536223999999901,0.0,0.066666666666666
,Mg,-0.041502431428571004,0.0,0.875
,Mg,0.013062771971830001,0.875,0.9933333333333331
,Mg,-1.314896854999996,0.0,0.07692307692307601
,Mg,-0.167687132500001,0.0,0.052631578947368
,Mg,0.44193410000000205,0.0,0.125
,Mg,1.05520838,0.0,0.066666666666666
,Mg,1.056629210000001,0.0,0.066666666666666
,Mg,-0.35214549,0.0,0.066666666666666
,Mg,-1.8004100749999972,0.0,0.16666666666666602
,Mg,0.337254245000001,0.0,0.07692307692307601
,Mg,-1.424137120000007,0.0,0.058823529411764004
,Mg,0.480711500000002,0.0,0.052631578947368
,Mg,-0.316780895000003,0.0,0.07692307692307601
,Mg,2.215275209999999,0.0,0.066666666666666
,Mg,-1.329418364999997,0.0,0.07692307692307601
,Mg,0.22884850499999201,0.0,0.052631578947368
,Mg,0.42039301499999904,0.0,0.14285714285714202
,Mg,0.44608700000001306,0.0,0.052631578947368
,Mg,0.500017374999989,0.0,0.052631578947368
,Mg,-1.171835520000001,0.0,0.16666666666666602
,Mg,1.605773265000001,0.0,0.066666666666666
,Mg,1.897335349999996,0.0,0.055555555555555004
,Mg,1.3657049149999991,0.0,0.07692307692307601
,Mg,0.43748103750000006,0.0,0.14285714285714202
,Mg,0.7234048200000001,0.0,0.14285714285714202
,Mg,1.705510184999998,0.0,0.066666666666666
,Mg,1.803857557499999,0.0,0.15384615384615302
,Mg,0.909906085,0.0,0.1
,Mg,0.9688162949999971,0.0,0.14285714285714202
,Mg,-0.45831988,0.0,0.11111111111111101
,Mg,0.016723540375000002,0.0,0.8695652173913041
,Mg,0.570937180000005,0.0,0.04
,Mg,-0.269874905000004,0.0,0.08333333333333301
,Mg,-0.020394179999992,0.0,0.027027027027027
,Mg,-0.033401514999999,0.0,0.6666666666666661
,Mg,0.013654673288590002,0.0,0.9933333333333331
,Mg,-0.34600163250000004,0.6666666666666661,0.75
,Mg,3.465109630000001,0.0,0.14285714285714202
,Mg,3.57095873416667,0.0,0.14285714285714202
,Mg,4.235775951249999,0.0,0.14285714285714202
,Mg,3.256187084999999,0.0,0.25
,Mg,3.861004947499997,0.0,0.14285714285714202
,Mg,2.987569299999994,0.07692307692307601,0.14285714285714202
,Mg,3.461009657500001,0.0,0.14285714285714202
,Mg,3.868026289999997,0.0,0.14285714285714202
,Mg,2.590131369999999,0.0,0.07692307692307601
,Mg,3.786314004999998,0.0,0.14285714285714202
,Mg,3.852618967499997,0.0,0.09090909090909001
,Mg,4.050947417499999,0.0,0.14285714285714202
,Mg,3.839676337499999,0.0,0.08333333333333301
,Mg,3.525372434999998,0.0,0.07692307692307601
,Mg,4.457155202499995,0.0,0.09090909090909001
,Mg,4.042536650000007,0.0,0.05
,Mg,3.759696982499993,0.0,0.045454545454545005
,Mg,5.070646552500007,0.0,0.055555555555555004
,Mg,4.35193386,0.0,0.09090909090909001
,Mg,1.391631174999997,0.0,0.07142857142857101
,Mg,4.477118948750001,0.0,0.07142857142857101
,Mg,4.233755784999997,0.0,0.07692307692307601
,Mg,6.811473812500002,0.0,0.07692307692307601
,Mg,4.008946558750002,0.0,0.07142857142857101
,Mg,3.5423193962500052,0.0,0.07142857142857101
,Mg,3.948183949999998,0.0,0.1
,Mg,-0.33234973125,0.0,0.08333333333333301
,Mg,0.653357243749998,0.0,0.05
,Mg,-0.016366092499995002,0.0,0.09090909090909001
,Mg,0.186307360000005,0.0,0.052631578947368
,Mg,0.5782470349999941,0.0,0.09090909090909001
,Mg,3.808670366249996,0.0,0.0625
,Mg,4.07140697625,0.0,0.1
,Mg,1.9224676875,0.0,0.07142857142857101
,Mg,4.194665874999999,0.0,0.133333333333333
,Mg,2.801583982499996,0.0,0.055555555555555004
,Mg,-0.09846875499999401,0.0,0.09090909090909001
,Mg,-0.617296115000025,0.0,0.024390243902439
,Mg,-0.9361624100000041,0.0,0.09090909090909001
,Mg,1.392356859999996,0.0,0.07692307692307601
,Mg,2.429027967500002,0.0,0.1
,Mg,-1.263196129999992,0.0,0.07692307692307601
,Mg,3.982402130000001,0.0,0.08333333333333301
,Mg,3.052631185,0.0,0.07142857142857101
,Mg,2.660684964999999,0.0,0.07142857142857101
,Mg,2.110547800000003,0.0,0.066666666666666
,Mg,1.709358575,0.0,0.066666666666666
,Mg,-0.9982987000000021,0.0,0.07692307692307601
,Mg,0.83283205,0.0,0.25
,Mg,1.039270087499997,0.0,0.14285714285714202
,Mg,0.657654064999998,0.0,0.14285714285714202
,Mg,-0.9484900500000021,0.0,0.07692307692307601
,Mg,0.595010275000004,0.0,0.058823529411764004
,Mg,0.430077715,0.0,0.066666666666666
,Mg,1.789123005000012,0.0,0.027027027027027
,Mg,1.608138219999998,0.0,0.07142857142857101
,Mg,2.158323139999997,0.0,0.07692307692307601
,Mg,0.9816737949999961,0.0,0.07692307692307601
,Mg,2.40233147375,0.0,0.07692307692307601
,Mg,0.318234632499998,0.0,0.055555555555555004
,Mg,1.5328574225000051,0.0,0.055555555555555004
,Mg,0.07277256750000001,0.0,0.045454545454545005
,Mg,0.673471277500003,0.0,0.05
,Mg,1.141390084999995,0.0,0.07142857142857101
,Mg,2.603313405000013,0.0,0.055555555555555004
,Mg,2.6767325675,0.0,0.055555555555555004
,Mg,1.4755231650000031,0.0,0.055555555555555004
,Mg,2.7377407524999993,0.0,0.09090909090909001
,Mg,1.3449916099999981,0.0,0.045454545454545005
,Mg,2.283893267500002,0.0,0.09090909090909001
,Mg,2.691108799999999,0.0,0.034482758620689
,Mg,2.8673786349999992,0.0,0.066666666666666
,Mg,2.841468350000003,0.0,0.066666666666666
,Mg,2.738849926249998,0.0,0.125
,Mg,2.614498100000003,0.0,0.066666666666666
,Mg,3.164299142500003,0.0,0.055555555555555004
,Mg,1.9334502149999981,0.0,0.05
,Mg,2.821153904999993,0.0,0.05
,Mg,3.588135634999994,0.0,0.081081081081081
,Mg,2.320283229999998,0.0,0.066666666666666
,Mg,2.885835709999999,0.0,0.014492753623188002
,Mg,1.127845695000002,0.0,0.07142857142857101
,Mg,-0.45933343750000205,0.0,0.045454545454545005
,Mg,1.331794212499997,0.0,0.066666666666666
,Mg,2.303801009999991,0.0,0.028571428571428
,Mg,0.882781639999998,0.0,0.1
,Mg,-0.47090439000000306,0.0,0.09090909090909001
,Mg,1.698245064999999,0.0,0.052631578947368
,Mg,-0.5272289450000001,0.0,0.058823529411764004
,Mg,0.582717329999998,0.0,0.04
,Mg,0.662534954999995,0.0,0.08333333333333301
,Mg,-0.28513157499999603,0.0,0.08333333333333301
,Mg,1.3752730099999981,0.0,0.1
,Mg,2.315288607500002,0.0,0.1
,Mg,2.159013627499999,0.0,0.1
,Mg,2.168540787500004,0.0,0.1
,Mg,0.800278334999999,0.0,0.07692307692307601
,Mg,1.074894252499999,0.0,0.1
,Y,4.385706442222222,0.0,0.1
,Y,4.670039965555553,0.0,0.0625
,Y,3.908261692222224,0.0,0.07142857142857101
,Y,2.9027078788888883,0.0,0.07692307692307601
,Y,3.704880275555554,0.0,0.07692307692307601
,Y,3.287781532222219,0.0,0.07692307692307601
,Y,3.407213712222223,0.0,0.07142857142857101
,Y,3.184550640555559,0.0,0.07692307692307601
,Y,1.9848652888888911,0.0,0.07692307692307601
,Y,3.529962547222218,0.0,0.07692307692307601
,Y,2.671277912222223,0.0,0.11111111111111101
,Y,2.075069658888888,0.0,0.11111111111111101
,Y,5.37723310444445,0.0,0.0625
,Y,2.607194871111107,0.0,0.0625
,Y,2.814671310555555,0.0,0.07692307692307601
,Y,3.8134065455555533,0.0,0.07142857142857101
,Y,3.127537655555554,0.0,0.07692307692307601
,Y,3.6465556322222192,0.0,0.07142857142857101
,Y,2.976390128888887,0.0,0.07692307692307601
,Y,3.274711383888892,0.0,0.07692307692307601
,Y,4.243743745555555,0.0,0.07142857142857101
,Y,3.424394012222222,0.16,0.192307692307692
,Y,3.703729512222222,0.0,0.07692307692307601
,Y,4.305773205555556,0.0,0.07692307692307601
,Y,3.8424588488888882,0.0,0.07692307692307601
,Y,1.163629222222224,0.0,0.07142857142857101
,Y,1.406491755555557,0.0,0.07692307692307601
,Y,2.333222048888887,0.0,0.07692307692307601
,Y,1.530995958888892,0.0,0.07142857142857101
,Y,1.336210275555556,0.0,0.07692307692307601
,Y,1.3000141638888911,0.0,0.07692307692307601
,Y,2.074345995555554,0.0,0.07692307692307601
,Y,1.336861652222223,0.0,0.07692307692307601
,Y,2.55645675222222,0.0,0.07142857142857101
,Y,2.170053542222223,0.0,0.07692307692307601
,Y,1.4884103688888901,0.0,0.07692307692307601
,Y,0.9333190588888861,0.0,0.07142857142857101
,Y,0.804677908888889,0.0,0.07692307692307601
,Y,5.353762262222232,0.08163265306122401,0.1
,Y,0.15471914,0.0,0.75
,Y,3.266374947222218,0.0,0.07692307692307601
,Y,2.819716808888891,0.0,0.066666666666666
,Y,3.058324828888887,0.0,0.09090909090909001
,Y,2.8527310005555573,0.0,0.08333333333333301
,Y,1.4100692588888881,0.0,0.2
,Y,0.537078585555555,0.0,0.5
,Y,4.040148288333333,0.0,0.2
,Y,4.149003968888889,0.0,0.2
,Y,2.4846761438888882,0.0,0.14285714285714202
,Y,2.10667417222223,0.07692307692307601,0.14285714285714202
,Y,3.526427633055554,0.0,0.2
,Y,3.286870615555557,0.0,0.2
,Y,2.277785748888886,0.0,0.08163265306122401
,Y,3.117184623472222,0.0,0.1
,Y,2.9185619088888872,0.0,0.08333333333333301
,Y,1.5273116538888891,0.0,0.14285714285714202
,Y,3.6605033522222232,0.0,0.1
,Y,3.668664995555554,0.0,0.1
,Y,3.858361972222219,0.0,0.05
,Y,3.404866117222225,0.0,0.07692307692307601
,Y,2.231972588888891,0.20588235294117602,0.25
,Y,3.3297932522222142,0.0,0.05
,Y,2.131020995555552,0.0,0.05
,Y,2.774843645555556,0.0,0.07692307692307601
,Y,4.102394058888888,0.0,0.05
,Y,3.4629879605555542,0.0,0.07692307692307601
,Y,4.074805745555557,0.1,0.18181818181818102
,Y,4.019848568888888,0.1,0.18181818181818102
,Y,3.084350127222221,0.0,0.14285714285714202
,Y,1.6190905355555552,0.0,0.05
,Y,3.111237022222224,0.0,0.07692307692307601
,Y,2.49115991888888,0.0,0.05
,Y,2.941484577222219,0.0,0.07692307692307601
,Y,2.640657572222222,0.0,0.07692307692307601
,Y,2.858051453888888,0.0,0.07692307692307601
,Y,2.774527993888888,0.0,0.07692307692307601
,Y,2.9521737422222163,0.0,0.05
,Y,2.907673128888881,0.0,0.05
,Y,1.80684485555556,0.0,0.05
,Y,4.009528585555546,0.029411764705882002,0.057142857142857
,Y,3.595671253888883,0.029411764705882002,0.08333333333333301
,Y,2.363301846388891,0.18181818181818102,0.25
,Y,0.040247152222223005,0.14285714285714202,0.2
,Y,2.203537091388896,0.20588235294117602,0.25
,Y,3.6851138959722243,0.0,0.1
,Y,3.211055405555557,0.0,0.08333333333333301
,Y,2.636641525555558,0.0,0.07692307692307601
,Y,3.815900062222224,0.0,0.07692307692307601
,Y,1.215937818888887,0.0,0.07692307692307601
,Y,1.561632002222223,0.0,0.07692307692307601
,Y,1.009176447222219,0.0,0.07692307692307601
,Y,4.16942380055555,0.14285714285714202,0.2
,Y,2.507789037222222,0.0,0.14285714285714202
,Y,3.009106018055554,0.0,0.08163265306122401
,Y,3.9218315713888883,0.0,0.1
,Y,3.195011197222217,0.0,0.08333333333333301
,Y,1.319757082222222,0.0,0.14285714285714202
,Y,2.396634955555553,0.0,0.08333333333333301
,Y,2.192074537222223,0.0,0.08333333333333301
,Y,2.568237146388891,0.0,0.1
,Y,1.3468586347222231,0.0,0.1
,Y,2.50017100388889,0.0,0.1
,Y,0.7318664168055581,0.0,0.1
,Y,1.390053098888887,0.0,0.14285714285714202
,Y,1.7979300122222222,0.0,0.08333333333333301
,Y,2.395761442222221,0.0,0.08333333333333301
,Y,0.9114425405555551,0.0,0.14285714285714202
,Y,0.9697321780555531,0.14285714285714202,0.2
,Y,1.920020035555555,0.0,0.08333333333333301
,Y,2.294579497222223,0.0,0.08333333333333301
,Y,1.033525343055555,0.0,0.25
,Y,2.799240672222221,0.07692307692307601,0.14285714285714202
,Y,2.273385495555556,0.0,0.08333333333333301
,Y,2.5579368405555583,0.0,0.08333333333333301
,Y,2.98514795111111,0.0,0.2
,Y,2.923280783055555,0.0,0.18181818181818102
,Y,1.4185894738888891,0.0,0.14285714285714202
,Y,0.670976573055554,0.0,0.2
,Y,2.97394233388889,0.0,0.2
,Y,2.184471317222221,0.0,0.08333333333333301
,Y,1.166932377222222,0.0,0.14285714285714202
,Y,1.065731227222223,0.0,0.14285714285714202
,Y,0.619496703888888,0.0,0.5
,Y,0.9462172122222221,0.0,0.5
,Y,0.5347299388888881,0.0,0.33333333333333304
,Y,0.11054851666666601,0.0,0.75
,Y,0.7997890522222221,0.0,0.6000000000000001
,Y,-0.054418516111111,0.5,0.75
,Y,-1.2931605411111111,0.0,0.5
,Y,0.20051932888888901,0.0,0.5
,Y,0.113355836722221,0.0,0.7142857142857141
,Y,0.567760828888889,0.33333333333333304,0.5
,Y,1.808806075555559,0.0,0.066666666666666
,Y,3.768903172222226,0.0,0.05
,Y,3.329042427222222,0.0,0.07692307692307601
,Y,3.194553945555557,0.0,0.07692307692307601
,Y,3.179526462222223,0.0,0.14285714285714202
,Y,2.6083663938888892,0.0,0.14285714285714202
,Y,4.077819350138884,0.0,0.1
,Y,3.4804738705555582,0.0,0.08333333333333301
,Y,1.41732628222222,0.0,0.14285714285714202
,Y,3.501150748888887,0.0,0.05
,Y,3.024016577222229,0.0,0.07692307692307601
,Y,2.733082273888885,0.0,0.07692307692307601
,Y,3.03227024888889,0.0,0.07692307692307601
,Y,2.922725842222223,0.0,0.14285714285714202
,Y,4.788002943055552,0.0,0.08163265306122401
,Y,3.616899288888883,0.068965517241379,0.12903225806451601
,Y,3.290074934444445,0.0,0.2
,Y,3.218227825555554,0.0,0.2
,Y,2.265677053888889,0.0,0.2
,Y,2.459523288888886,0.0,0.08333333333333301
,Y,1.323390058888888,0.0,0.066666666666666
,Y,1.09639388888889,0.0,0.066666666666666
,Y,0.06670785888887301,0.319148936170212,0.33333333333333304
,Y,3.280958553888889,0.0,0.14285714285714202
,Y,3.6806764355555552,0.0,0.14285714285714202
,Y,4.16085171972222,0.0,0.1
,Y,3.358635570555556,0.0,0.08333333333333301
,Zn,0.8874231600000011,0.0,0.25
,Zn,2.225673118749999,0.0,0.125
,Zn,2.470400284999999,0.0,0.115384615384615
,Zn,2.3215600999999992,0.0,0.125
,Zn,2.567826364999995,0.12,0.15384615384615302
,Zn,1.33404825125,0.0,0.125
,Zn,2.954942934166669,0.0,0.115384615384615
,Zn,1.230425158749998,0.0,0.125
,Zn,1.542056867500001,0.0,0.125
,Zn,2.896450412500002,0.0,0.1
,Zn,1.452529335000001,0.0,0.07142857142857101
,Zn,1.5251778825,0.0,0.105263157894736
,Zn,1.57358603333333,0.0,0.130434782608695
,Zn,2.571436525000003,0.0,0.05
,Zn,3.150503507499998,0.0,0.1
,Zn,0.7450748500000021,0.0,0.07142857142857101
,Zn,3.105025982500003,0.0,0.05
,Zn,2.079573060000001,0.0,0.05
,Zn,3.866946692500001,0.052631578947368,0.1
,Zn,1.580477531249997,0.0,0.1
,Zn,1.195237111250002,0.0,0.1
,Zn,0.7239592725,0.0,0.1
,Zn,0.8108378900000021,0.0,0.066666666666666
,Zn,2.526496994999995,0.0,0.07142857142857101
,Zn,1.665372695000002,0.0,0.07142857142857101
,Zn,0.37869806000000505,0.0,0.07142857142857101
,Zn,3.249328129999995,0.0,0.07142857142857101
,Zn,0.10205175000000101,0.0,0.07142857142857101
,Zn,0.8706872400000021,0.0,0.07142857142857101
,Zn,-0.595583794999995,0.0,0.07142857142857101
,Zn,0.6450878799999981,0.0,0.07142857142857101
,Zn,-0.24882292999999503,0.0,0.07142857142857101
,Zn,-0.7006806724999911,0.0,0.047619047619047006
,Zn,1.802550610625005,0.0,0.125
,Zn,2.032841976249998,0.0,0.125
,Zn,2.811050242500002,0.0,0.14285714285714202
,Zn,2.824359717500002,0.0,0.14285714285714202
,Zn,3.0739730825,0.0,0.1
,Zn,1.632719324999997,0.0,0.1
,Zn,1.5648343075,0.0,0.125
,Zn,2.028932903749997,0.0,0.07142857142857101
,Zn,1.970586564999998,0.0,0.125
,Zn,1.8179938675,0.11111111111111101,0.2
,Zn,1.392652847499999,0.0,0.14285714285714202
,Zn,2.36985508999998,0.0,0.010101010101010001
,Zn,2.699984060000013,0.0,0.041666666666666005
,Zn,1.695268043750005,0.0,0.07142857142857101
,Zn,-0.39378409500000705,0.0,0.066666666666666
,Zn,2.673041447500005,0.157894736842105,0.2
,Zn,1.6225300975,0.0,0.1
,Zn,2.713755591875,0.0,0.125
,Zn,2.170244109999999,0.0,0.125
,Zn,3.029713646249999,0.0,0.125
,Zn,2.693917160000002,0.0,0.1
,Zn,2.796908344999999,0.0,0.1
,Zn,2.6983594450000012,0.0,0.1
,Zn,2.71444588875,0.0,0.125
,Zn,2.83134480875,0.0,0.125
,Zn,1.44132457125,0.0,0.125
,Zn,-0.23408037,0.0,0.75
,Zn,1.902528271250002,0.0,0.15384615384615302
,Zn,2.191880040000001,0.0,0.07142857142857101
,Zn,1.0955182075,0.0,0.125
,Zn,1.383134192500002,0.0,0.14285714285714202
,Zn,2.19836140833333,0.0,0.14285714285714202
,Zn,1.8740715700000021,0.0,0.14285714285714202
,Zn,1.305709147500004,0.0,0.07142857142857101
,Zn,1.6288605825,0.0,0.14285714285714202
,Zn,3.4265462149999992,0.0,0.14285714285714202
,Zn,0.349991355,0.0,0.09090909090909001
,Zn,1.30971803125,0.0,0.22222222222222202
,Zn,1.149849039999999,0.07692307692307601,0.14285714285714202
,Zn,2.3555848925000022,0.0,0.15384615384615302
,Zn,2.703451465000001,0.0,0.15384615384615302
,Zn,2.401393285000001,0.0,0.14285714285714202
,Zn,1.127133627500001,0.0,0.07692307692307601
,Zn,1.845323289999996,0.0,0.07692307692307601
,Zn,1.7654479225000022,0.0,0.14285714285714202
,Zn,2.021970694166665,0.0,0.14285714285714202
,Zn,1.888961026249998,0.0,0.2
,Zn,1.243917669999998,0.0,0.125
,Zn,1.118501858750001,0.0,0.09090909090909001
,Zn,1.7885614375,0.0,0.05
,Zn,1.7096480250000001,0.0,0.09090909090909001
,Zn,1.145081211250002,0.0,0.07692307692307601
,Zn,2.061072543750001,0.0,0.07142857142857101
,Zn,1.5306279424999971,0.0,0.07692307692307601
,Zn,2.284987304999994,0.0,0.055555555555555004
,Zn,1.880904792499997,0.0,0.1
,Zn,3.308867805000013,0.0,0.029411764705882002
,Zn,2.461529868333332,0.0,0.15
,Zn,1.036185530000005,0.0,0.1
,Zn,1.82821577,0.0,0.0625
,Zn,2.033449489999999,0.0,0.15384615384615302
,Zn,1.338937660624999,0.0,0.133333333333333
,Zn,1.720815575,0.0,0.2
,Zn,1.655626621249997,0.0,0.2
,Zn,1.147413620000002,0.0,0.14285714285714202
,Zn,0.7954735825000011,0.0,0.14285714285714202
,Zn,1.630939684999987,0.0,0.05
,Zn,1.111700055,0.0,0.125
,Zn,0.866964974999997,0.0,0.125
,Zn,1.170860589999997,0.0,0.05
,Zn,-0.17067193000000402,0.0,0.05
,Zn,0.7822368616666611,0.0,0.09090909090909001
,Zn,1.012876124999998,0.0,0.07692307692307601
,Zn,1.40817564,0.0,0.2
,Zn,1.88552387,0.0,0.05
,Zn,2.395578419999998,0.0,0.14285714285714202
,Zn,1.93411257,0.0,0.08333333333333301
,Zn,1.965585337500002,0.0,0.09090909090909001
,Zn,1.620726087499996,0.0,0.045454545454545005
,Zn,1.738290039999999,0.0,0.11111111111111101
,Zn,-0.668002704999998,0.0,0.05
,Zn,0.478986449999994,0.0,0.05
,Zn,2.273782754999999,0.074074074074074,0.137931034482758
,Zn,1.694734727499999,0.0,0.07692307692307601
,Zn,1.9842247509999982,0.054545454545454,0.133333333333333
,Zn,0.8199458349999921,0.0,0.05
,Zn,0.7285170899999901,0.0,0.05
,Zn,2.3466255199999972,0.0,0.07692307692307601
,Zn,0.588306798333328,0.0,0.09090909090909001
,Zn,-0.49289437999998803,0.0,0.05
,Zn,0.9226312050000001,0.0,0.125
,Zn,-0.625467119999999,0.0,0.11111111111111101
,Zn,2.610888017499999,0.0,0.16666666666666602
,Zn,1.769910767500001,0.0,0.1
,Zn,1.9823068574999991,0.0,0.0625
,Zn,2.812863432500002,0.028571428571428,0.081081081081081
,Zn,0.738180045,0.0,0.081081081081081
,Zn,0.7729703925,0.0,0.14285714285714202
,Zn,0.579635525,0.0,0.07142857142857101
,Zn,0.072891226124999,0.0,0.8695652173913041
,Zn,0.021543360124999,0.0,0.8695652173913041
,Zn,0.055579583749999,0.0,0.8695652173913041
,Zn,0.8627094512500001,0.0,0.15
,Zn,3.033971694999999,0.0,0.1
,Zn,0.574557065,0.0,0.1
,Zn,0.166718366666664,0.0,0.15
,Zn,0.6330426050000001,0.0,0.1
,Zn,0.9172038574999991,0.0,0.1
,Zn,-0.144948412499999,0.0,0.1
,Zn,0.8917913187500021,0.0,0.2
,Zn,0.7193976000000011,0.0,0.1
,Zn,0.093012035000001,0.0,0.1
,Zn,1.007310225000005,0.0,0.07142857142857101
,Zn,0.688419987499998,0.0,0.133333333333333
,Zn,0.8729258874999991,0.0,0.133333333333333
,Zn,0.42875766000000204,0.0,0.07142857142857101
,Zn,0.20409757750000102,0.0,0.133333333333333
,Zn,-0.026832904999998002,0.0,0.07142857142857101
,Zn,0.735198839999995,0.0,0.105263157894736
,Zn,-0.024425852499998003,0.0,0.18181818181818102
,Zn,1.444152497499999,0.0,0.133333333333333
,Zn,1.316392884999999,0.0,0.07142857142857101
,Zn,1.9981773350000012,0.0,0.07142857142857101
,Zn,1.546144240000004,0.0,0.07142857142857101
,Zn,0.2930229125,0.0,0.133333333333333
,Zn,-1.279061075,0.1,0.18181818181818102
,Zn,1.175896914999996,0.0,0.0625
,Zn,0.06230772749999901,0.5,0.75
,Zn,1.447809625000005,0.0,0.066666666666666
,Zn,1.6657026225,0.08333333333333301,0.15384615384615302
,Zn,1.8131235262499992,0.0,0.133333333333333
,Zn,2.468614284999994,0.0,0.07142857142857101
,Zn,1.71844048875,0.0,0.22222222222222202
,Zn,1.808051835000004,0.0,0.14285714285714202
,Zn,1.918632797499999,0.0,0.14285714285714202
,Zn,1.61943973,0.0,0.14285714285714202
,Zn,0.9399661587500001,0.0,0.14285714285714202
,Zn,1.601440779999997,0.0,0.14285714285714202
,Zn,0.23756595000000003,0.14285714285714202,0.25
,Zn,1.409512694999997,0.0,0.08333333333333301
,Zn,1.4111619474999981,0.0,0.09090909090909001
,Zn,1.75839556750001,0.0,0.05
,Zn,1.826553269999998,0.0,0.07142857142857101
,Zn,1.119958994999983,0.0,0.045454545454545005
,Zn,2.000253807499995,0.0,0.07692307692307601
,Zn,2.067438884999994,0.0,0.1
,Zn,1.598031242499999,0.0,0.1
,Zn,1.9599538962499992,0.0,0.0625
,Zn,1.510183050000002,0.12,0.15384615384615302
,Zn,1.6808969762500041,0.0,0.133333333333333
,Zn,0.45144974249999903,0.0,0.14285714285714202
,Zn,0.043870427142857,0.0,0.875
,Zn,1.026481584999999,0.0,0.07142857142857101
,Zn,-0.21040700750000102,0.0,0.1
,Zn,0.21476601250000002,0.0,0.14285714285714202
,Zn,0.34665051,0.11111111111111101,0.2
,Zn,0.9945243462500031,0.0,0.0625
,Zn,-0.6016858462499991,0.0,0.0625
,Zn,-1.098462672499998,0.0,0.1
,Zn,0.5737919099999901,0.0,0.0625
,Zn,0.46952486125000104,0.0,0.1
,Zn,0.33058820499999103,0.0,0.0625
,Zn,-0.9171529899999971,0.0,0.1
,Zn,0.08386634166666601,0.0,0.15
,Zn,0.169281858333335,0.0,0.14285714285714202
,Zn,-0.8763739612499991,0.0,0.14285714285714202
,Zn,-0.003060835000002,0.0,0.14285714285714202
,Zn,-0.47068850499999704,0.0,0.07692307692307601
,Zn,0.35155917333333503,0.0,0.14285714285714202
,Zn,-0.20586527750000203,0.0,0.14285714285714202
,Zn,0.633392517500003,0.0,0.15384615384615302
,Zn,-0.32039805249999903,0.0,0.14285714285714202
,Zn,-0.017673014166667,0.0,0.14285714285714202
,Zn,-0.031198554999995003,0.07692307692307601,0.14285714285714202
,Zn,0.065182297499998,0.0,0.14285714285714202
,Zn,-0.725246514999994,0.0,0.08333333333333301
,Zn,-0.128860425000002,0.0,0.14285714285714202
,Zn,-0.505677219999995,0.0,0.07692307692307601
,Zn,-0.42966752499999805,0.0,0.07692307692307601
,Zn,-0.709824724999996,0.0,0.07692307692307601
,Zn,-0.525120311249998,0.0,0.14285714285714202
,Zn,-0.258798315625,0.0,0.14285714285714202
,Zn,-0.07817222749999701,0.0,0.14285714285714202
,Zn,-0.7832603850000011,0.0,0.14285714285714202
,Zn,-0.6986409224999971,0.0,0.09090909090909001
,Zn,0.72730198,0.0,0.14285714285714202
,Zn,0.733069899999997,0.0,0.125
,Zn,0.42453896749999803,0.0,0.14285714285714202
,Zn,0.983379960000001,0.0,0.14285714285714202
,Zn,-0.08849822500000101,0.07692307692307601,0.14285714285714202
,Zn,1.144022718333336,0.0,0.14285714285714202
,Zn,1.160778237500004,0.11111111111111101,0.2
,Zn,1.262151784999993,0.0,0.07142857142857101
,Zn,0.25692359749999805,0.0,0.09090909090909001
,Zn,1.242086374999996,0.0,0.14285714285714202
,Zn,0.6624027599999991,0.0,0.14285714285714202
,Zn,0.614312414999993,0.0,0.07692307692307601
,Zn,0.9034500687500011,0.0,0.14285714285714202
,Zn,0.0570741275,0.0,0.25
,Zn,1.115705684999998,0.0,0.125
,Zn,1.238992418749998,0.0,0.14285714285714202
,Zn,1.162738922499997,0.0,0.09090909090909001
,Zn,0.105442690000004,0.0,0.14285714285714202
,Zn,0.7684932350000011,0.0,0.14285714285714202
,Zn,-0.825151394999998,0.0,0.07142857142857101
,Zn,0.459906085,0.0,0.09090909090909001
,Zn,-0.738840588750001,0.0,0.2
,Zn,-0.7715205499999971,0.0,0.07692307692307601
,Zn,0.41295562750000403,0.11111111111111101,0.2
,Zn,0.035978762500001,0.0,0.14285714285714202
,Zn,-0.032085604999998005,0.0,0.14285714285714202
,Zn,-0.565030004999989,0.0,0.07692307692307601
,Zn,-0.5327730600000741,0.0,0.007407407407407001
,Zn,0.9009306499999991,0.0,0.15384615384615302
,Zn,0.396904670000001,0.0,0.14285714285714202
,Zn,0.5952046375000001,0.0,0.14285714285714202
,Zn,0.150550600000002,0.0,0.07692307692307601
,Zn,0.275886294999999,0.0,0.125
,Zn,-0.023960846666666,0.0,0.75
,Zn,0.565490844999999,0.0,0.11111111111111101
,Zn,-0.37753547000000104,0.0,0.14285714285714202
,Zn,0.36501477750000105,0.0,0.11111111111111101
,Zn,0.103682094999999,0.5,0.75
,Zn,0.093648687115384,0.0,0.928571428571428
,Zn,0.097300493333333,0.0,0.75
,Zn,0.059492113055555004,0.6666666666666661,0.9166666666666661
,Zn,0.10528662666666601,0.0,0.75
,Zn,0.12214425500000001,0.0,0.25
,Zn,0.19673230499999902,0.0,0.25
,Zn,-0.051139644999999005,0.18181818181818102,0.2
,Zn,0.104746029999999,0.0,0.25
,Zn,0.083497031388888,0.6666666666666661,0.9166666666666661
,Zn,0.072331151374999,0.0,0.8695652173913041
,Zn,0.6029378475,0.0,0.5
,Zn,-0.21895191000000003,0.14285714285714202,0.2
,Zn,0.615609794999997,0.0,0.1
,Zn,1.597698420000008,0.0,0.05
,Zn,2.804428305,0.0,0.16666666666666602
,Zn,0.21203737662499902,0.0,0.8695652173913041
,Zn,2.303782758750003,0.0,0.1
,Zn,0.9630422350000001,0.0,0.133333333333333
,Zn,0.24022656,0.0,0.133333333333333
,Zn,0.27676815000000204,0.0,0.07142857142857101
,Zn,0.1236809625,0.0,0.133333333333333
,Zn,0.6006408525000001,0.0,0.133333333333333
,Zn,0.845356505,0.0,0.2
,Zn,0.792441535000002,0.07692307692307601,0.14285714285714202
,Zn,1.227314342500002,0.0,0.09090909090909001
,Zn,1.808763442500002,0.0,0.08333333333333301
,Zn,2.681548617499999,0.0,0.07692307692307601
,Zn,1.7162865924999982,0.0,0.14285714285714202
,Zn,1.146706791250001,0.0,0.14285714285714202
,Zn,1.92894767833333,0.0,0.14285714285714202
,Zn,2.125852613749999,0.0,0.14285714285714202
,Zn,1.260966238750001,0.0,0.25
,Zn,1.8919991349999992,0.0,0.14285714285714202
,Zn,1.9177648699999992,0.0,0.14285714285714202
,Zn,1.656712002500008,0.0,0.045454545454545005
,Zn,2.686926827500003,0.0,0.09090909090909001
,Zn,2.306475931249999,0.0,0.07692307692307601
,Zn,2.010583414999999,0.0,0.1
,Zn,1.8396356237499991,0.0,0.0625
,Zn,2.213650308750005,0.0,0.1
,Zn,1.0047305075,0.0,0.14285714285714202
,Zn,0.037390397749999006,0.0,0.8695652173913041
,Zn,0.07458728374999901,0.0,0.8695652173913041
,Zn,1.4763134137499991,0.0,0.07692307692307601
,Zn,1.541022659166664,0.0,0.09090909090909001
,Zn,1.23122261999999,0.0,0.05
,Zn,3.022205486249998,0.0,0.14285714285714202
,Zn,3.068945700000001,0.0,0.14285714285714202
,Zn,3.352215789999999,0.0,0.125
,Zn,1.9679527975000042,0.0,0.1
,Zn,1.131190556666669,0.0,0.081081081081081
,Zn,1.152681781250003,0.0,0.1
,Zn,2.448057337916668,0.0,0.15
,Zn,2.002024657500002,0.0,0.1
,Zn,1.835179334999999,0.0,0.2
,Zn,1.8881320349999982,0.0,0.1
,Zn,1.342418384999995,0.0,0.1
,Zn,2.982375805000001,0.0,0.16666666666666602
,Zn,1.513836964999999,0.0,0.14285714285714202
,Zn,1.477197766249997,0.0,0.14285714285714202
,Zn,3.6945893599999993,0.0,0.16666666666666602
,Zn,1.9792300224999981,0.0,0.14285714285714202
,Zn,0.7077383124999981,0.0,0.14285714285714202
,Zn,0.6939780575000011,0.0,0.14285714285714202
,Zn,1.8837001462500031,0.0,0.1
,Zn,0.7548857399999991,0.0,0.1
,Zn,0.6679120125000041,0.0,0.1
,Zn,1.491124984999999,0.0,0.1
,Zn,1.442364914999999,0.0,0.1
,Zn,0.44445360000000306,0.0,0.1
,Zn,0.8031710899999991,0.07142857142857101,0.133333333333333
,Zn,0.22236862000000102,0.0,0.133333333333333
,Zn,0.754154740000002,0.0,0.081081081081081
,Zn,0.632063184999998,0.0,0.2
,Zn,2.57271798,0.0,0.07142857142857101
,Zn,1.316142124999999,0.0,0.08333333333333301
,Zn,2.248906327499999,0.0,0.14285714285714202
,Zn,2.614401874999998,0.0,0.14285714285714202
,Zn,2.035166185000002,0.0,0.07692307692307601
,Zn,2.570451949999999,0.0,0.14285714285714202
,Zn,2.527154384166664,0.0,0.14285714285714202
,Zn,2.543338890000001,0.0,0.14285714285714202
,Zn,2.303984335000003,0.0,0.07142857142857101
,Zn,0.6757414433333341,0.07692307692307601,0.25
,Zn,1.147220597499995,0.0,0.07692307692307601
,Zn,2.553742007499999,0.0,0.14285714285714202
,Zn,1.235497089999996,0.0,0.09090909090909001
,Zn,2.336388849999999,0.0,0.05
,Zn,0.8181799324999941,0.0,0.045454545454545005
,Zn,2.156104282499996,0.0,0.09090909090909001
,Zn,2.035916725,0.0,0.07692307692307601
,Zn,2.127741332500001,0.0,0.1
,Zn,1.160190531666667,0.0,0.21428571428571402
,Zn,0.065558760000002,0.0,0.07692307692307601
,Zn,0.8504761300000011,0.0,0.14285714285714202
,Zn,2.599806892499991,0.0,0.052631578947368
,Zn,0.20230381000000003,0.0,0.14285714285714202
,Zn,1.579918456249999,0.0,0.15384615384615302
,Zn,1.0866983875,0.0,0.21428571428571402
,Zn,-0.13779657750000002,0.0,0.125
,Zn,0.437506464999998,0.0,0.14285714285714202
,Zn,0.7637746912499991,0.0,0.2
,Zn,-0.866257206250004,0.0,0.09090909090909001
,Zn,0.266689280000001,0.0,0.066666666666666
,Zn,0.34637355999999603,0.0,0.05
,Zn,0.433554911249999,0.0,0.07142857142857101
,Zn,0.6606517674999921,0.0,0.055555555555555004
,Zn,0.59138093,0.0,0.1
,Zn,1.703581632499997,0.0,0.07692307692307601
,Zn,0.813667040416663,0.0,0.15
,Zn,0.666914622500002,0.0,0.2
,Zn,-0.358117464999998,0.0,0.14285714285714202
,Zn,0.8551687249999991,0.0,0.2
,Zn,0.268388284999999,0.0,0.6000000000000001
,Zn,0.47524515374999904,0.0,0.15384615384615302
,Zn,-0.44009396999999906,0.0,0.066666666666666
,Zn,-0.486446764999989,0.0,0.034482758620689
,Zn,-0.38229287,0.0,0.066666666666666
,Zn,-0.82779691,0.0,0.5
,Zn,1.753528459999998,0.0,0.05
,Zn,2.503435912499996,0.0,0.09090909090909001
,Zn,2.53450781583333,0.0,0.14285714285714202
,Zn,2.463677164999996,0.0,0.14285714285714202
,Zn,1.690197759999997,0.07692307692307601,0.14285714285714202
,Zn,1.815893704999999,0.0,0.25
,Zn,2.486052649999998,0.0,0.14285714285714202
,Zn,2.379686749166666,0.0,0.14285714285714202
,Zn,2.284120312500001,0.0,0.14285714285714202
,Zn,2.490220002499996,0.0,0.08333333333333301
,Zn,2.764460449999998,0.0,0.14285714285714202
,Zn,2.018527464999998,0.0,0.14285714285714202
,Zn,2.739494814375,0.0,0.14285714285714202
,Zn,2.576590290000006,0.0,0.07142857142857101
,Zn,2.415071967500005,0.0,0.05
,Zn,2.123214664999999,0.0,0.045454545454545005
,Zn,2.898742008749999,0.0,0.09090909090909001
,Zn,3.3914627825,0.0,0.055555555555555004
,Zn,2.965100864999997,0.0,0.07142857142857101
,Zn,2.771617863749995,0.0,0.07692307692307601
,Zn,5.949257537499999,0.0,0.07692307692307601
,Zn,2.431842395000004,0.0,0.07142857142857101
,Zn,1.953906716250003,0.0,0.07142857142857101
,Zn,0.5724590499999991,0.0,0.07142857142857101
,Zn,2.586059390000003,0.0,0.1
,Zn,2.7009116274999982,0.0,0.1
,Zn,2.209183643749995,0.0,0.0625
,Zn,2.858228361249996,0.0,0.133333333333333
,Zn,0.6334801249999981,0.0,0.14285714285714202
,Zn,0.07415356574999901,0.0,0.8695652173913041
,Zn,-0.15682014999999302,0.0,0.05
,Zn,0.1239303025,0.0,0.07142857142857101
,Zn,0.747296097499998,0.0,0.07692307692307601
,Zn,-0.46616932250000004,0.0,0.07692307692307601
,Zn,0.9625743937500031,0.0,0.07692307692307601
,Zn,-0.8817959475000011,0.0,0.055555555555555004
,Zn,-1.036366289999996,0.0,0.045454545454545005
,Zn,-0.6092332025,0.0,0.09090909090909001
,Zn,-0.42219744500000106,0.0,0.07142857142857101
,Zn,-0.8146472474999971,0.0,0.05
,Zn,0.9746727975000131,0.0,0.055555555555555004
,Zn,1.050007147500004,0.0,0.055555555555555004
,Zn,-0.149775944999994,0.0,0.055555555555555004
,Zn,-0.277994045000006,0.0,0.045454545454545005
,Zn,2.036855834999995,0.0,0.081081081081081
,Zn,1.325882547499994,0.0,0.05
,Zn,2.144057314999991,0.11111111111111101,0.14285714285714202
,Zn,1.094157452499999,0.0,0.07142857142857101
,Zn,1.327638476249998,0.0,0.125
,Zn,1.173708740000002,0.0,0.09090909090909001
,Zn,-0.9123653874999951,0.0,0.045454545454545005
,Zn,0.043431905000006,0.0,0.09090909090909001
,Zn,-0.44335377750000005,0.0,0.07142857142857101
,Zn,-0.17808405500000601,0.0,0.055555555555555004
,Zn,-0.1047293425,0.0,0.066666666666666
,Zn,0.28808634250000204,0.0,0.1
,Zn,1.2529840075,0.0,0.1
,Zn,0.832623765000001,0.0,0.1
,Zn,0.8118075949999981,0.0,0.1
